date,tcn,tcr,ipc,ipc_nvolatil,tpm,ror2,ror10,ror5,ror2uf,ror10uf,ror5uf,m1,m2,m3,ipsa,col,colcons,colviv,colcom,imacec,imacecdes,exp,imp,impk,reserv,lf,empl,unem,ind,indmin,indmanu,indega,genera,ivcm,cobre,oil,spread,tbill10,rem_index
1/1/1980,,,2.1,,,,,,,,,61,,,,,,,,,,,,,,,,,,,,,,,1.2,,,,
1/2/1980,,,1.8,,,,,,,,,61,,,,,,,,,,,,,,,,,,,,,,,1.3,,,,
1/3/1980,,,2.9,,,,,,,,,64,,,,,,,,,,,,,,,,,,,,,,,1,,,,
1/4/1980,,,2.5,,,,,,,,,70,,,,,,,,,,,,,,,,,,,,,,,0.9,,,,
1/5/1980,,,2.3,,,,,,,,,73,,,,,,,,,,,,,,,,,,,,,,,0.9,,,,
1/6/1980,,,1.9,,,,,,,,,74,,,,,,,,,,,,,,,,,,,,,,,0.9,,,,
1/7/1980,,,2,,,,,,,,,74,,,,,,,,,,,,,,,,,,,,,,,1,,,,
1/8/1980,,,2.2,,,,,,,,,76,,,,,,,,,,,,,,,,,,,,,,,0.9,,,,
1/9/1980,,,2.1,,,,,,,,,81,,,,,,,,,,,,,,,,,,,,,,,0.9,,,,
1/10/1980,,,2.9,,,,,,,,,78,,,,,,,,,,,,,,,,,,,,,,,0.9,,,,
1/11/1980,,,2.6,,,,,,,,,84,,,,,,,,,,,,,,,,,,,,,,,0.9,,,,
1/12/1980,,,1.9,,,,,,,,,95,,,,,,,,,,,,,,,,,,,,,,,0.9,,,,
1/1/1981,,,1.6,,,,,,,,,98,,,,,,,,,,,,,,,,,,,,,,,0.8,,,,
1/2/1981,,,0.3,,,,,,,,,97,,,,,,,,,,,,,,,,,,,,,,,0.8,,,,
1/3/1981,,,0.8,,,,,,,,,98,,,,,,,,,,,,,,,,,,,,,,,0.8,,,,
1/4/1981,,,1.2,,,,,,,,,103,,,,,,,,,,,,,,,,,,,,,,,0.8,,,,
1/5/1981,,,1.3,,,,,,,,,106,,,,,,,,,,,,,,,,,,,,,,,0.8,,,,
1/6/1981,,,0.1,,,,,,,,,100,,,,,,,,,,,,,,,,,,,,,,,0.8,,,,
1/7/1981,,,0.6,,,,,,,,,98,,,,,,,,,,,,,,,,,,,,,,,0.8,,,,
1/8/1981,,,1.2,,,,,,,,,97,,,,,,,,,,,,,,,,,,,,,,,0.8,,,,
1/9/1981,,,0.9,,,,,,,,,97,,,,,,,,,,,,,,,,,,,,,,,0.8,,,,
1/10/1981,,,0.3,,,,,,,,,97,,,,,,,,,,,,,,,,,,,,,,,0.8,,,,
1/11/1981,,,0.2,,,,,,,,,99,,,,,,,,,,,,,,,,,,,,,,,0.7,,,,
1/12/1981,,,0.5,,,,,,,,,105,,,,,,,,,,,,,,,,,,,,,,,0.8,,,,
1/1/1982,,,0.7,,,,,,,,,101,,,,,,,,,,,,,3797,,,,,,,,,,0.7,,,,
1/2/1982,,,-0.8,,,,,,,,,99,,,,,,,,,,,,,3786,,,,,,,,,,0.7,,,,
1/3/1982,,,0.4,,,,,,,,,99,,,,,,,,,,,,,3800,,,,,,,,,,0.7,,,,
1/4/1982,,,-0.1,,,,,,,,,99,,,,,,,,,,,,,3680,,,,,,,,,,0.7,,,,
1/5/1982,,,-0.5,,,,,,,,,96,,,,,,,,,,,,,3575,,,,,,,,,,0.7,,,,
1/6/1982,,,0.7,,,,,,,,,97,,,,,,,,,,,,,3485,,,,,,,,,,0.6,,,,
1/7/1982,,,2,,,,,,,,,88,,,,,,,,,,,,,3348,,,,,,,,,,0.7,,,,
1/8/1982,57.8,,3.2,,,,,,,,,92,,,,,,,,,,,,,3208,,,,,,,,,,0.7,,,,
1/9/1982,63.04,,4.3,,,,,,,,,94,,,,,,,,,,,,,2759,,,,,,,,,,0.6,,,,
1/10/1982,66.27,,4.8,,,,,,,,,89,,,,,,,,,,,,,2692,,,,,,,,,,0.7,,,,
1/11/1982,69.19,,3.3,,,,,,,,,85,,,,,,,,,,,,,2492,,,,,,,,,,0.7,,,,
1/12/1982,72.39,,1.2,,,,,,,,,98,,,,,,,,,,,,,2735,,,,,,,,,,0.7,,,,
1/1/1983,74.04,,1.8,,,,,,,,,111,,,,,,,,,,,,,2496,,,,,,,,,,0.7,,,,
1/2/1983,76.38,,0.1,,,,,,,,,114,,,,,,,,,,,,,2334,,,,,,,,,,0.7,,,,
1/3/1983,74.48,,1.9,,,,,,,,,115,,,,,,,,,,,,,2124,,,,,,,,,,0.7,,,,
1/4/1983,73.69,,3,,,,,,,,,112,,,,,,,,,,,,,2149,,,,,,,,,,0.8,,,,
1/5/1983,75.1,,1.4,,,,,,,,,106,,,,,,,,,,,,,1999,,,,,,,,,,0.8,30.1,,,
1/6/1983,77.03,,1.6,,,,,,,,,107,,,,,,,,,,,,,2070,,,,,,,,,,0.8,31,,,
1/7/1983,78.25,,1.9,,,,,,,,,105,,,,,,,,,,,,,2217,,,,,,,,,,0.8,31.6,,,
1/8/1983,79.55,,2.7,,,,,,,,,105,,,,,,,,,,,,,2401,,,,,,,,,,0.7,31.9,,,
1/9/1983,81.24,,2.3,,,,,,,,,110,,,,,,,,,,,,,2469,,,,,,,,,,0.7,31.2,,,
1/10/1983,83.34,,2.4,,,,,,,,,108,,,,,,,,,,,,,2588,,,,,,,,,,0.7,30.4,,,
1/11/1983,85.29,,1.3,,,,,,,,,108,,,,,,,,,,,,,2747,,,,,,,,,,0.6,30,,,
1/12/1983,87.07,,0.6,,,,,,,,,118,,,,,,,,,,,,,2818,,,,,,,,,,0.6,29.2,,,
1/1/1984,87.82,,0.1,,,,,,,,,120,,,,,,,,,,,,,2693,,,,,,,,,,0.6,29.7,,,
1/2/1984,88.12,,-0.2,,,,,,,,,124,,,,,,,,,,,,,2756,,,,,,,,,,0.6,30.1,,,
1/3/1984,88.2,,2.5,,,,,,,,,132,,,,,,,,,,,,,2836,,,,,,,,,,0.7,30.8,,,
1/4/1984,88.55,,1.5,,,,,,,,,137,,,,,,,,,,,,,2889,,,,,,,,,,0.7,30.6,,,
1/5/1984,90.19,,1.2,,,,,,,,,136,,,,,,,,,,,,,2792,,,,,,,,,,0.6,30.6,,,
1/6/1984,91.13,,1.3,,,,,,,,,134,,,,,,,,,,,,,3005,,,,,,,,,,0.6,30,,,
1/7/1984,91.89,,0.9,,,,,,,,,131,,,,,,,,,,,,,2929,,,,,,,,,,0.6,28.6,,,
1/8/1984,92.69,,0.3,,,,,,,,,128,,,,,,,,,,,,,3022,,,,,,,,,,0.6,29.3,,,
1/9/1984,100.94,,2.9,,,,,,,,,136,,,,,,,,,,,,,2861,,,,,,,,,,0.6,29.4,,,
1/10/1984,116.39,,8.2,,,,,,,,,130,,,,,,,,,,,,,2872,,,,,,,,,,0.6,28.8,,,
1/11/1984,119.58,,1.2,,,,,,,,,119,,,,,,,,,,,,,2882,,,,,,,,,,0.6,28.1,,,
1/12/1984,126.23,,1.4,,,,,,,,,130,,,,,,,,,,,,,3082,,,,,,,,,,0.6,26.9,,,
1/1/1985,128.98,,3.1,,,,,,,,,148,,,,,,,,,,,,,2719,,,,,,,,,,0.6,25.7,,,
1/2/1985,131.84,,2,,,,,,,,,150,,,,,,,,,,,,,2608,,,,,,,,,,0.6,27.3,,,
1/3/1985,145.69,,2.8,,,,,,,,,156,,,,,,,,,,,,,2647,,,,,,,,,,0.6,28.4,,,
1/4/1985,148.76,,2.3,,,,,,,,,159,,,,,,,,,,,,,2551,,,,,,,,,,0.7,28.8,,,
1/5/1985,152.15,,2,,,,,,,,,158,,,,,,,,,,,,,2397,,,,,,,,,,0.7,27.6,,,
1/6/1985,155.06,,3.7,,,,,,,,,162,,,,,,,,,,,,,2369,,,,,,,,,,0.7,27.2,,,
1/7/1985,170.81,,1.3,,,,,,,,,160,,,,,,,,,,,,,2327,,,,,,,,,,0.7,27.3,,,
1/8/1985,176.49,,0.9,,,,,,,,,160,,,,,,,,,,,,,2418,,,,,,,,,,0.6,27.8,,,
1/9/1985,178.19,,1.2,,,,,,,,,176,,,,,,,,,,,,,2316,,,,,,,,,,0.6,28.3,,,
1/10/1985,179.19,,1.5,,,,,,,,,168,,,,,,,,,,,,,2362,,,,,,,,,,0.6,29.6,,,
1/11/1985,180.68,,1.6,,,,,,,,,171,,,,,,,,,,,,,2495,,,,,,,,,,0.6,30.8,,,
1/12/1985,182.48,,1.3,,,,,,,,,190,,,,,,,,,,,,,3206,,,,,,,,,,0.6,27.2,,,
1/1/1986,184.8,98.65,2.7,,,,,,,,,199,754,1232,,14676,364,1395,11459,,,,,,2775,,,,,,,,,,0.6,22.9,,,
1/2/1986,186.74,100.68,0.9,,,,,,,,,205,778,1266,,14755,368,1410,11524,,,,,,2738,,,,,,,,,,0.6,15.4,,,
1/3/1986,189.22,100.38,1.5,,,,,,,,,214,793,1310,,14594,369,1413,11356,,,,,,2957,,,,,,,,,,0.7,12.5,,,
1/4/1986,189.19,98.56,1.4,,,,,,,,,220,820,1366,,14718,367,1418,11426,,,,,,3100,,,,,,,,,,0.7,12.9,,,
1/5/1986,187.93,98.42,0.7,,,,,,,,,216,807,1352,,14356,362,1440,11032,,,,,,3080,,,,,,,,,,0.6,15.4,,,
1/6/1986,188.79,97.51,1.3,,,,,,,,,231,837,1392,,14120,370,1427,10784,,,,,,3027,,,,,,,,,,0.6,13.6,,,
1/7/1986,190.36,98.86,1,,,,,,,,,227,859,1413,,14177,361,1433,10737,,,,,,2986,,,,,,,,,,0.6,11.6,,,
1/8/1986,194.46,101.82,0.6,,,,,,,,,231,877,1444,,14334,365,1456,10791,,,,,,3076,,,,,,,,,,0.6,15.1,,,
1/9/1986,198.32,102.37,1.5,,,,,,,,,248,891,1477,,14342,364,1461,10722,,,,,,2836,,,,,,,,,,0.6,15,,,
1/10/1986,199.73,101.58,1.5,,,,,,,,,241,906,1507,,14379,365,1465,10718,,,,,,2953,,,,,,,,,,0.6,14.9,,,
1/11/1986,201.95,100.66,1.4,,,,,,,,,249,938,1567,,14502,386,1473,10761,,,,,,3228,,,,,,,,,,0.6,15.2,,,
1/12/1986,203.67,100.82,1.5,,,,,,,,,276,967,1614,,14534,391,1510,10757,,,,,,3314,,,,,,,,,,0.6,16.1,,,
1/1/1987,204.54,102.44,2,,,,,,,,,285,990,1663,,14437,412,1504,10610,,,,,,3088,,,,,,,,,,0.6,18.7,,,
1/2/1987,206.01,101.63,1.7,,,,,,,,,283,1018,1708,,14433,415,1505,10561,,,,,,3154,,,,,,,,,,0.6,17.8,,,
1/3/1987,207.82,101.27,1.6,,,,,,,,,287,1069,1769,,14457,420,1507,10613,,,,,,3095,,,,,,,,,,0.7,18.4,,,
1/4/1987,211.49,103.08,2.4,,,,,,,,,295,1097,1809,,14439,419,1502,10591,,,,,,3129,,,,,,,,,,0.7,18.7,,,
1/5/1987,212.54,103.29,1.5,,,,,,,,,287,1102,1846,,14515,416,1513,10575,,,,,,3072,,,,,,,,,,0.7,19.4,,,
1/6/1987,218.18,104.64,0.7,,,,,,,,,297,1155,1923,,14644,419,1522,10635,,,,,,3325,,,,,,,,,,0.7,20.1,,,
1/7/1987,224.13,104.9,1.7,,,,,,,,,300,1179,1966,,14571,422,1509,10560,,,,,,3192,,,,,,,,,,0.8,21.3,,,
1/8/1987,224.58,104.16,1.4,,,,,,,,,288,1172,1998,,14599,427,1512,10511,,,,,,3311,,,,,,,,,,0.8,20.3,,,
1/9/1987,225.15,104.24,1.9,,,,,,,,,299,1206,2051,,14518,430,1510,10435,,,,,,3095,,,,,,,,,,0.8,19.6,,,
1/10/1987,229.27,106.41,2.4,,,,,,,,,293,1238,2085,,14453,438,1529,10287,,,,,,3137,,,,,,,,,,0.9,19.9,,,
1/11/1987,233.83,107.19,1.9,,,,,,,,,295,1290,2166,,14548,457,1539,10297,,,,,,3430,,,,,,,,,,1.1,19,,,
1/12/1987,235.34,108.81,0.3,,,,,,,,,331,1362,2268,,14937,471,1577,10609,,,,,,3613,,,,,,,,,,1.3,17.3,,,
1/1/1988,243.73,112.15,0.7,,,,,,,,,350,1406,2341,,15238,492,1582,10896,,,,,,3319,,,,,,,,,,1.2,17.1,,,
1/2/1988,240,109.76,0.4,,,,,,,,,363,1418,2362,,15243,498,1595,10882,,,,,,3571,,,,,,,,,,1.1,16.7,,,
1/3/1988,243.33,110.92,1.9,,,,,,,,,377,1451,2453,,14953,506,1579,10666,,,,,,3549,,,,,,,,,,1.1,16.2,,,
1/4/1988,241.88,111.37,0.8,,,,,,,,,379,1471,2499,,15219,512,1607,10813,,,,,,3731,,,,,,,,,,1,17.9,,,
1/5/1988,245.15,113,0.5,,,,,,,,,383,1487,2551,,15359,511,1615,10937,,,,,,3413,,,,,,,,,,1.1,17.4,,,
1/6/1988,248.31,114.97,0.6,,,,,,,,,395,1508,2603,,15491,514,1612,10940,,,,,,3587,,,,,,,,,,1.2,16.5,,,
1/7/1988,248.32,112.75,0.1,,,,,,,,,404,1537,2661,,15898,529,1614,11228,,,,,,3814,,,,,,,,,,1,15.5,,,
1/8/1988,245.59,110.99,0.8,,,,,,,,,418,1573,2721,,15962,544,1606,11193,,,,,,3846,,,,,,,,,,1,15.5,,,
1/9/1988,245.67,109.24,0.9,,,,,,,,,440,1639,2779,,16307,566,1624,11391,,,,,,3537,,,,,,,,,,1.1,14.6,,,
1/10/1988,247.09,110.6,1.5,,,,,,,,,438,1689,2816,,16322,582,1632,11375,,,,,,3692,,,,,,,,,,1.3,13.8,,,
1/11/1988,246.44,110.36,1.9,,,,,,,,,428,1686,2853,,16350,626,1639,11251,,,,,,3597,,,,,,,,,,1.5,14.1,,,
1/12/1988,244.63,107.96,1.9,,,,,,,,,477,1764,3007,,16658,636,1635,11449,,,,,,4261,,,,,,,,,,1.6,16.4,,,
1/1/1989,247.11,107.69,1.1,,,,,,,,,477,1824,3120,54.4,16784,671,1668,11522,,,,,,4148,,,,,,,,,,1.5,18,,,
1/2/1989,245.84,107.15,0.1,,,,,,,,,481,1851,3201,60.6,17063,683,1706,11705,,,,,,4299,,,,,,,,,,1.4,18,,,
1/3/1989,249.64,107.89,1.9,,,,,,,,,509,1891,3323,63.6,17009,689,1703,11559,,,,,,4348,,,,,,,,,,1.5,19.5,,,
1/4/1989,251.36,104.49,1,,,,,,,,,495,1898,3355,68.4,17165,695,1715,11634,,,,,,4337,,,,,,,,,,1.4,21.2,,,
1/5/1989,252.44,102.06,2,1.4,,,,,,,,506,1909,3441,70.7,16766,665,1670,11267,,,,,,4232,,,,,,,,,,1.2,20.4,,,
1/6/1989,261.66,105.79,1.8,2,,,,,,,,498,1966,3614,65,16856,654,1680,11282,,,,,,4153,,,,,,,,,,1.2,20.2,,,
1/7/1989,272.81,110.9,1.8,1.7,,,,,,,,490,2001,3700,63.8,16988,656,1702,11464,,,,,,4298,,,,,,,,,,1.1,19.7,,,
1/8/1989,276.65,111.08,1,1,,,,,,,,492,2047,3778,58.9,17814,691,2007,11916,,,,,,4346,,,,,,,,,,1.3,18.6,,,
1/9/1989,280.15,110.63,2.1,1.7,,,,,,,,530,2107,3906,62.5,17787,698,2002,12022,,,,,,3914,,,,,,,,,,1.3,19.6,,,
1/10/1989,282.78,110.76,2.9,1.9,,,,,,,,503,2110,3969,69.5,17893,704,2057,12016,,,,,,4215,,,,,,,,,,1.3,20.1,,,
1/11/1989,288.42,112.26,1.7,1.3,,,,,,,,512,2176,4129,69.5,18257,737,2176,12227,,,,,,4630,,,,,,,,,,1.2,19.9,,,
1/12/1989,294.59,111.95,2.1,1.8,,,,,,,,587,2314,4390,79.1,18323,733,2171,12351,,,,,,4762,,,,,,,,,,1.1,21.1,,,
1/1/1990,296.76,115.9,2.5,1.8,,,,,,,,577,2357,4471,82.6,18296,753,2358,12149,,,,,,4400,,,,,30.7,,,,,1.1,23,,8.2,
1/2/1990,292.46,113.88,0.3,0.9,,,,,,,,555,2374,4625,94.4,18567,763,2416,12272,,,,,,4673,,,,,26.4,,,,,1.1,22.1,,8.5,
1/3/1990,296.66,115.69,2.4,3.4,,,,,,,,575,2417,4813,95.6,18289,760,2399,11997,,,,,,4813,,,,,30.5,,,,,1.2,20.4,,8.6,
1/4/1990,296.41,111.77,1.8,2,,,,,,,,592,2472,4879,94.9,18100,748,2400,11800,,,,,,4985,,,,,29.3,,,,,1.2,18.4,,8.8,
1/5/1990,296.97,112.14,1.5,1.7,,,,,,,,583,2514,4981,94.8,17990,738,2414,11642,,,,,,4931,,,,,31.2,,,,,1.2,18.3,,8.7,
1/6/1990,296.79,109.47,2.2,2,,,,,,,,576,2570,5140,92.7,17635,716,2405,11303,,,,,,5251,,,,,30.3,,,,,1.2,16.7,,8.5,
1/7/1990,296.67,108.83,1.7,1.3,,,,,,,,569,2622,5299,93.5,17398,709,2419,11010,,,,,,5746,,,,,30.7,,,,,1.3,18.4,,8.5,
1/8/1990,303.44,111.78,2,1.2,,,,,,,,563,2638,5437,93.5,17334,709,2415,10960,,,,,,6078,,,,,32.7,,,,,1.3,27.2,,8.7,
1/9/1990,308.35,111.4,4.9,2.3,,,,,,,,608,2688,5588,92.6,16714,681,2357,10571,,,,,,5677,,,,,29.3,,,,,1.4,33.8,,8.9,
1/10/1990,312.49,111.25,3.8,2,,,,,,,,564,2778,5779,96,16578,664,2356,10219,,,,,,6539,,,,,32.7,,,,,1.2,36.1,,8.7,
1/11/1990,326.86,115.19,0.9,1.6,,,,,,,,574,2888,6019,115.9,17072,679,2456,10437,,,,,,7077,,,,,32.2,,,,,1.2,32.4,,8.4,
1/12/1990,334.98,115.15,0.5,1.7,,,,,,,,692,3020,6309,130.4,17399,683,2499,10631,,,,,,7074,,,,,34.8,,,,,1.1,27.3,,8.1,
1/1/1991,337.23,114.26,0.4,1.7,,,,,,,,770,3066,6471,155.2,17414,721,2522,10642,,,,,,6937,,,,,34.7,49.2,,,,1.1,25.2,,8.1,
1/2/1991,337.53,115.28,0.1,1,,,,,,,,787,3135,6631,186.5,17409,731,2548,10597,,,,,,7222,,,,,31.3,42.3,,,,1.1,20.5,,7.8,
1/3/1991,340.24,111.65,1.2,2.2,,,,,,,,850,3167,6775,202.2,17323,748,2541,10531,,,,,,7360,,,,,36.7,51.7,,,,1.1,19.9,,8.1,
1/4/1991,340.28,107.8,1.8,1.8,,,,,,,,848,3230,6860,207.5,17050,761,2525,10374,,,,,,7296,,,,,33.7,52,,,,1.1,20.8,,8,
1/5/1991,339.95,104.34,2.5,2.7,,,,,,,,823,3312,6932,219,16957,761,2508,10236,,,,,,7012,,,,,35.1,52.3,,,,1.1,21.2,,8.1,
1/6/1991,344.89,102.54,1.8,1.7,,,,,,,,809,3429,7172,260,16931,755,2526,10252,,,,,,6972,,,,,33.7,50.8,,,,1,20.2,,8.3,
1/7/1991,348.72,102.42,1.8,1.5,,,,,,,,791,3554,7430,296.8,16966,770,2533,10244,,,,,,7034,,,,,30.9,53.3,,,,1,21.5,,8.3,
1/8/1991,350.89,102.93,1.2,1.3,,,,,,,,807,3646,7663,333.8,17272,792,2577,10324,,,,,,7145,,,,,30.8,52.9,,,,1,21.7,,7.9,
1/9/1991,355.61,104.36,1.3,0.7,,,,,,,,874,3731,7887,384.1,17426,804,2600,10381,,,,,,6941,,,,,36.6,46.9,,,,1.1,21.9,,7.6,
1/10/1991,359.06,102.18,2.9,1.7,,,,,,,,868,3786,8106,362,17357,829,2581,10200,,,,,,7189,,,,,38.1,55.1,,,,1.1,23.3,,7.5,
1/11/1991,364.26,103.78,0.9,1.3,,,,,,,,863,3930,8417,347.8,17783,869,2624,10305,,,,,,7639,,,,,35.8,52.4,,,,1.1,22.5,,7.4,
1/12/1991,371.93,104.97,1.2,1.5,,,,,,,,988,4181,8721,347.2,18164,883,2600,10635,,,,,,8159,,,,,37,51.9,,,,1,19.5,,7.1,
1/1/1992,369.75,103.51,1.1,1.5,,,,,,,,1040,4368,8958,337.6,18364,957,2621,10799,,,,,,7898,,,,,34.9,54.3,,,,1,18.8,,7,
1/2/1992,347.86,97.66,-0.6,1,,,,,,,,1048,4482,9218,393.3,18625,993,2688,11007,,,,,,7823,,,,,35.4,46.1,,,,1,19,,7.3,
1/3/1992,348.34,95.99,0.7,1.8,,,,,,,,1334,4650,9359,431.2,18801,1047,2697,11021,,,,,,8072,,,,,36.4,59.9,,,,1,18.9,,7.5,
1/4/1992,346.3,94.13,1.3,1.1,,,,,,,,1302,4666,9457,434,18876,1085,2685,10999,,,,,,8343,,,,,34.9,57.9,,,,1,20.2,,7.5,
1/5/1992,346.56,94.2,1.1,1.6,,,,,,,,1188,4631,9526,437.7,19077,1100,2696,10966,,,,,,8580,,,,,36.3,56.8,,,,1,21,,7.4,
1/6/1992,355,97.27,0.7,0.9,,,,,,,,1182,4765,9866,457.2,19397,1113,2718,10995,,,,,,9171,,,,,34.3,56.1,,,,1,22.4,,7.3,
1/7/1992,361.25,99.33,1.1,0.7,,,,,,,,1152,4840,10130,467.9,19823,1146,2727,11178,,,,,,9466,,,,,38.6,63.3,,,,1.1,21.8,,6.8,
1/8/1992,368.86,100.89,1.4,1.3,,,,,,,,1159,4923,10265,438,20212,1176,2735,11462,,,,,,9764,,,,,37.1,59.7,,,,1.1,21.3,,6.6,
1/9/1992,376.04,100.8,2.3,1.4,,,,,,,,1184,5072,10372,401.8,20190,1202,2722,11453,,,,,,9777,,,,,38.7,57.2,,,,1.1,21.9,,6.4,
1/10/1992,373.1,97.35,1.4,1.2,,,,,,,,1132,5234,10596,439.8,20562,1258,2751,11722,,,,,,9911,,,,,38.7,60.2,,,,1,21.7,,6.6,
1/11/1992,377.63,94.9,1.4,1.2,,,,,,,,1140,5349,10856,408.6,21159,1324,2776,12136,,,,,,9938,,,,,34.9,58.8,,,,1,20.3,,6.9,
1/12/1992,380.22,95.3,0.1,0.9,,,,,,,,1282,5501,11174,420.8,21791,1378,2835,12550,,,,,,10357,,,,,38.9,57.1,,,,1,19.4,,6.8,
1/1/1993,383.93,95.6,0.2,1.3,,,,,,,,1405,5699,11544,469.9,22303,1482,2870,12838,,,,,,10568,,,,,37.7,55.3,,,,1,19.1,,6.6,
1/2/1993,387.91,96.16,0.4,1.3,,,,,,,,1423,5737,11615,460.5,22578,1538,2884,12948,,,,,,10748,,,,,35.3,50.8,,,,1,20,,6.3,
1/3/1993,397.22,98.63,0.6,1.8,,,,,,,,1425,5792,11693,450.6,22874,1626,2906,13065,,,,,,10739,,,,,39.3,64.4,,,,1,20.3,,6,
1/4/1993,401.19,100,1.4,1.7,,,,,,,,1434,5903,11947,425.5,23179,1668,2900,13373,,,,,,10948,,,,,38.5,60.7,,,,0.9,20.3,,6,20.73860641
1/5/1993,404.98,100.08,1.5,1.4,,,,,,,,1403,5963,12050,431.9,23391,1743,2912,13499,,,,,,10815,,,,,38.8,58.8,,,,0.8,19.9,,6,20.92718817
1/6/1993,403.3,98.83,0.5,0.7,,,,,,,,1386,6136,12343,474.5,23487,1755,2963,13671,,,,,,10782,,,,,36.8,58.7,,,,0.8,19.1,,5.9,21.32590391
1/7/1993,404.79,97.31,1,0.8,,,,,,,,1361,6218,12625,482.3,23712,1776,2989,13829,,,,,,10967,,,,,37.3,62.6,,,,0.9,17.9,,5.8,21.44444102
1/8/1993,407.66,96.38,2.1,1.6,,,,,,,,1351,6290,12797,512.1,23680,1773,2983,13844,,,,,,11104,,,,,39.8,62.7,,,,0.9,18,,5.7,21.61147059
1/9/1993,408.19,96.36,1.2,0.8,,,,,,,,1358,6424,13033,534.2,23964,1803,3026,14059,,,,,,10765,,,,,35,58.9,,,,0.8,17.5,,5.4,22.05329073
1/10/1993,412.59,94.38,2.6,1.3,,,,,,,,1370,6607,13379,560.2,23884,1826,3018,14095,,,,,,10703,,,,,40.3,59.4,,,,0.8,18.2,,5.3,22.47355867
1/11/1993,412.5,93.36,0.1,0.9,,,,,,,,1363,6686,13628,596.9,24615,1912,3097,14526,,,,,,10799,,,,,36.5,61,,,,0.7,16.7,,5.7,22.72679704
1/12/1993,425.73,95.65,0.2,1.6,,,,,,,,1568,6902,14086,710,25120,1949,3158,14967,,,,,,10698,,,,,41.8,59.7,,,,0.8,14.5,,5.7,23.8636757
1/1/1994,430.45,95.68,1,1.1,,,,,,,,1655,6915,14240,838.5,25273,2044,3165,15086,,,,,,10775,,,,,38.2,57.9,,,,0.8,15,,5.7,24.26777949
1/2/1994,428.69,96.01,0.3,1,,,,,,,,1626,7102,14503,827.3,25322,2078,3205,15220,,,,,,10975,,,,,34.6,54.5,,,,0.9,14.8,,6,24.55873422
1/3/1994,430.45,96.39,1.1,1.8,,,,,,,,1629,7215,14649,728.8,25144,2125,3227,15196,,,,,,11196,,,,,41.2,67.2,,,,0.9,14.7,,6.5,24.75809209
1/4/1994,424.47,94.45,0.5,1,,,,,,,,1597,7217,14633,799.9,25525,2142,3269,15582,,,,,,11227,,,,,38.7,62.4,,,,0.9,16.4,,7,25.08676317
1/5/1994,424.7,93.47,1.4,1.1,,,,,,,,1601,7269,14708,872.8,25147,2108,3286,15329,,,,,,11069,,,,,42.4,64.6,,,,1,17.9,,7.2,24.96822605
1/6/1994,420.68,92.94,0.5,0.7,,,,,,,,1609,7403,14946,838.6,25115,2095,3348,15311,,,,,,11667,,,,,37.7,61.3,,,,1.1,19.1,,7.1,25.42621035
1/7/1994,420.49,94.88,0.6,0.5,,,,,,,,1597,7546,15254,843.1,25521,2066,3390,15564,,,,,,11681,,,,,42,61.9,,,,1.1,19.7,,7.3,25.60401601
1/8/1994,419.43,94.57,1.1,0.5,,,,,,,,1599,7614,15510,941.5,25633,2070,3416,15644,,,,,,11745,,,,,41.6,65.1,,,,1.1,18.4,,7.2,25.78720973
1/9/1994,414.87,94.01,0.5,0.3,,,,,,,,1628,7763,15768,989,25875,2148,3482,15759,,,,,,12092,,,,,42,59.8,,,,1.1,17.5,,7.4,26.19131352
1/10/1994,412.21,93.95,0.6,0.6,,,,,,,,1663,7849,16358,1095.5,26132,2148,3498,15984,,,,,,12475,,,,,42,61.3,,,,1.2,17.7,,7.7,26.26674623
1/11/1994,413.45,94,0.6,0.6,,,,,,,,1722,7922,16500,1069.1,26636,2262,3551,16201,,,,,,13468,,,,,41.9,62,,,,1.3,18.1,,7.9,26.43916384
1/12/1994,402.23,90.64,0.3,1.1,,,,,,,,1920,8171,16889,1008.9,26761,2320,3617,16372,,,,,,14209,,,,,45.1,61.2,,,,1.4,17.2,,7.8,27.34974438
1/1/1995,405.78,91.99,0.6,0.7,,,,,,,,1985,8319,17077,960.8,27302,2437,3669,16688,,,,,,14019,,,,,40.6,63,,,,1.4,18,,7.8,27.5437142
1/2/1995,412.14,93.77,0.5,0.6,,,,,,,,1992,8452,17358,926.7,27599,2474,3711,16862,,,,,,14438,,,,,37.5,56.8,,,,1.3,18.6,,7.5,27.77001232
1/3/1995,410.46,94.41,0.6,0.8,,,,,,,,1989,8703,17637,908.6,27772,2553,3769,16949,,,,,,14859,,,,,42.7,70.4,,,,1.3,18.6,,7.2,28.11484755
1/4/1995,394.33,91.93,0.6,0.7,,,,,,,,1983,8801,17782,972.3,27970,2587,3816,17209,,,,,,15560,,,,,44.1,65.6,,,,1.3,19.9,,7,28.37347398
1/5/1995,377.17,87.16,0.6,0.6,6,,,,,,,2020,8880,18064,1052.2,28052,2589,3867,17298,,,,,,15560,,,,,46.3,70.5,,,,1.3,19.7,,6.6,28.50278719
1/6/1995,373.59,85.95,0.7,0.5,6,,,,,,,2041,9203,18515,1076.5,28095,2581,3902,17190,,,,,,15881,,,,,45.5,66.3,,,,1.4,18.4,,6.2,28.94460733
1/7/1995,378.07,86.19,0.8,0.4,5.77,,,,,,,1972,9240,18606,1032.4,28581,2616,3937,17336,,,,,,15901,,,,,45.9,68.3,,,,1.4,17.3,,6.3,29.06853249
1/8/1995,387.27,85.49,1.6,0.9,5.7,,,,,,,1945,9426,18910,993.2,29092,2664,3949,17610,,,,,,15617,,,,,48.5,68,,,,1.4,18,,6.5,29.2086218
1/9/1995,394.56,85.49,0.6,0.6,5.9,,,,,,,2026,9659,19284,969.9,29601,2737,4034,17907,,,,,,15118,,,,,46.8,60.9,,,,1.3,18.2,,6.2,29.6450539
1/10/1995,406.62,87.73,0.8,0.5,6.38,,,,,,,2017,9794,19408,1005.2,30400,2809,4103,18214,,,,,,14482,,,,,47.1,66.8,,,,1.3,17.4,,6,29.69354635
1/11/1995,412.31,88.84,0.1,0.4,6.5,,,,,,,2048,9767,19896,956.1,31259,2949,4206,18819,,,,,,14584,,,,,47.1,64.6,,,,1.4,18,,5.9,30.04915768
1/12/1995,408.98,87.68,0.3,0.5,6.68,,,,,,,2292,10138,20289,1021,31647,2991,4293,19392,,,,,,15224,,,,,50.1,63.2,,,,1.3,19,,5.7,31.10521558
1/1/1996,408.53,86.96,0.3,0.7,6.7,,,,,,,2383,10497,20575,1015,32229,3171,4374,19678,46.5,47.1,,,,13899,,,,,48.9,66.9,,,,1.2,18.9,,5.6,31.19681244
1/2/1996,410.97,87.1,0.5,0.8,6.7,,,,,,,2337,10719,20911,1015.1,32368,3247,4441,19724,45.9,47.8,,,,13898,,,,,51.3,61.7,,,,1.2,19.1,,5.8,31.37461811
1/3/1996,411.55,86.6,0.7,1.2,6.7,,,,,,,2320,10809,21226,973.5,32529,3376,4518,19804,51,47.9,,,,14547,,,,,53.4,70.7,,,,1.2,21.3,,6.3,31.52009547
1/4/1996,408.42,84.91,1,0.7,7.31,,,,,,,2328,11057,21420,1014.1,32421,3413,4629,19680,49,47.9,,,,14722,,,,,53.4,68.3,,,,1.2,23.6,,6.5,31.789498
1/5/1996,406.23,83.82,0.8,1.2,7.5,,,,,,,2317,11197,21522,993.6,32620,3419,4705,19706,49,47.9,,,,14721,,,,,55.3,68.5,,,,1.2,21.2,,6.7,32.01040807
1/6/1996,409.85,83.83,0.4,0.8,7.5,,,,,,,2347,11426,22055,1039.8,32960,3418,4792,20007,47.5,48.4,,,,15103,,,,,54.5,64.1,,,,1,20.4,,6.9,32.3875716
1/7/1996,410.72,83.96,0.3,0.5,7.5,,,,,,,2272,11622,22592,1015.6,33285,3470,4869,20218,46.8,48.4,,,,15604,,,,,56.5,69.4,,,,0.9,21.3,,6.9,32.54921312
1/8/1996,411.1,83.99,0.4,0.5,7.5,,,,,,,2278,11789,23083,980.8,33541,3535,4943,20411,47.2,48.5,,,,15544,,,,,55.8,68.9,,,,0.9,21.9,,6.6,32.79706344
1/9/1996,411.84,83.48,0.5,0.3,7.5,,,,,,,2369,11760,23132,1006,33928,3613,5015,20601,45.4,48.6,,,,15479,,,,,54.7,61.1,,,,0.9,24,,6.8,32.98564521
1/10/1996,415.55,83.2,0.7,0.4,7.5,,,,,,,2332,12104,23522,1006.9,34431,3721,5078,20878,49.6,49,,,,15453,,,,,60.4,70.8,,,,0.9,24.9,,6.5,33.05030182
1/11/1996,420.03,84.09,0.4,0.3,7.5,,,,,,,2395,12210,23711,945.9,35197,3901,5161,21443,50.1,49.1,,,,15567,,,,,55.5,66.6,,,,1,23.6,,6.2,33.30354019
1/12/1996,422.41,84,0.4,0.5,7.5,,,,,,,2589,12473,24102,900.6,35848,4045,5254,21966,52.7,49.3,,,,15805,,,,,63.1,66.1,,,,1,25.4,,6.3,34.05786726
1/1/1997,423.79,83.32,0.5,0.3,7.5,,,,,,,2710,12831,24606,995.5,35972,4248,5319,22049,49.8,50.4,,,,15938,,,,,59,69,,,,1.1,25.2,,6.6,34.30032953
1/2/1997,416.19,79.67,0.8,0.5,7.31,,,,,,,2666,12965,24955,1044.4,36109,4499,5364,22045,48.1,50.2,,,,16539,,,,,55.8,60.8,,,,1.1,22.2,,6.4,34.50507545
1/3/1997,414.05,78.46,0.3,0.9,7.25,,,,,,,2663,13071,25184,1023.2,36496,4602,5482,22253,53.4,50.1,,,,16909,,,,,62.9,68.4,,,,1.1,21,,6.7,34.67210502
1/4/1997,417.58,78.66,0.3,0.4,7.1,,,,,,,2683,13349,25721,1069.8,37073,4647,5558,22708,51.8,50.6,,,,16950,,,,,59.2,70,,,,1.1,19.7,,6.9,34.76908993
1/5/1997,418.61,79.42,0.2,0.4,7,,,,,,,2695,13501,25992,1169.7,37421,4664,5636,22939,53,51.8,,,,17330,,,,,62.9,71.4,,,,1.1,20.8,,6.7,34.87146289
1/6/1997,417.42,79.13,0.2,0.5,6.8,,,,,,,2773,13807,26516,1184.8,37497,4667,5717,22973,50.6,51.5,,,,17872,,,,,58.5,69.2,,,,1.2,19.2,,6.5,35.0331044
1/7/1997,416.61,77.76,0.6,0.5,6.75,,,,,,,2720,13913,26884,1207.6,37815,4709,5772,23176,50.3,52,,,,17822,,,,,58.9,74.9,,,,1.1,19.6,,6.2,35.26479058
1/8/1997,414.85,76.53,0.4,0.3,6.75,,,,,,,2685,13900,26895,1146,38323,4803,5842,23476,51,52.4,,,,18390,,,,,61.7,69.8,,,,1,19.9,,6.3,35.41565599
1/9/1997,414.9,76.07,0.9,0.4,6.53,,,,,,,2852,14351,27539,1151.7,38489,4843,5886,23581,49.5,52.9,,,,18443,,,,,61.7,66,,,,1,19.8,,6.2,35.65811826
1/10/1997,414.41,75.27,1.2,0.3,6.5,,,,,,,2748,14715,27974,1065,39058,4877,5945,23960,53.8,53.2,,,,19234,,,,,63.2,74,,,,0.9,21.3,,6,35.72277487
1/11/1997,424.96,76.62,0.1,0.3,6.5,,,,,,,2754,14804,28314,1037.5,40255,4920,6077,24746,54.7,53.6,,,,19230,,,,,59.6,69.9,,,,0.9,20.1,,5.9,35.95984909
1/12/1997,438.29,76.97,0.1,0.7,6.5,,,,,,,3108,15341,29045,1016.8,40556,4805,5987,25349,57.7,53.9,,,,18274,,,,,67.5,71.8,,,,0.8,18.3,,5.8,36.58486295
1/1/1998,453.39,78.03,0.7,0.6,6.88,,,,,,,3108,15351,28569,907.3,41067,4947,6219,25349,53.4,53.9,,,,17153,,,,,62.2,68.1,,,,0.8,16.7,,5.5,37.01051894
1/2/1998,448.53,77.56,-0.1,0.4,8.35,,,,,,,2961,15568,28684,1001.5,41470,4950,6315,25666,51.7,53.9,,,,17362,,,,,56.9,62.1,,,,0.8,16.1,,5.6,37.16677241
1/3/1998,452.53,77.87,0.4,1,8.5,,,,,,,2950,15749,29086,1062.6,41572,4997,6368,25730,58.1,54.4,,,,17275,,,,,65.7,73.8,,,,0.8,15.1,,5.6,37.35535417
1/4/1998,453.74,77.93,0.4,0.3,8.5,,,,,,,2975,15847,29382,995.4,41879,4930,6403,26180,56.6,55.4,,,,17277,,,,,64.7,71.5,,,,0.8,15.3,,5.6,37.57087619
1/5/1998,453.42,77.72,0.2,0.6,8.5,,,,,,,2961,16089,29537,910.3,42054,4836,6476,26408,56,54.9,,,,17121,,,,,68.1,68.8,,,,0.8,14.9,,5.7,37.73251771
1/6/1998,456.19,77.1,0.3,0.5,8.5,,,,,,,3002,16186,29805,860.9,42140,4704,6570,26612,53.8,54.9,,,,15817,,,,,59,66.8,,,,0.8,13.7,,5.5,37.99114413
1/7/1998,464.64,78.33,0.4,0.5,8.5,,,,,,,2767,16493,29925,902.7,41953,4610,6637,26649,53,54.9,,,,15184,,,,,63.9,75.6,,,,0.8,14.1,,5.5,38.1258454
1/8/1998,471.26,78.45,0.3,0.3,8.5,,,,,,,2667,16431,30047,633.2,42103,4526,6720,26774,52.9,54.5,,,,15255,,,,,62.3,71.3,,,,0.7,13.4,,5.3,38.2120542
1/9/1998,470.5,78.41,0.5,0.4,10.98,,,,,,,2701,16303,30029,669,42071,4484,6807,26710,51.1,54.6,,,,15541,,,,,60.9,65.8,,,,0.8,15,,4.8,38.43296427
1/10/1998,463.6,78.02,0.8,1,12.76,,,,,,,2596,16375,30211,732.9,42086,4464,6825,26776,53.8,53.2,,,,15735,,,,,65.4,68.9,,,,0.7,14.4,,4.5,38.52994918
1/11/1998,463.26,77.61,0.1,0.3,9.81,,,,,,,2616,16389,30449,829.1,42286,4487,6899,26835,53.8,52.7,,,,15787,,,,,64.5,66.7,,,,0.7,13,,4.8,38.6484863
1/12/1998,472.39,79.1,0.5,0.4,8.33,,,,,,,2851,16496,30882,786.7,42148,4353,6903,26917,56.5,52.9,,,,16292,,,,,78.6,66.7,,,,0.7,11.3,,4.6,39.40281337
1/1/1999,475.68,78.85,-0.3,0.1,7.72,,,,,,,2920,16625,31231,810.5,42628,4425,6983,27157,52.2,52.8,,,,15683,,,,,74.7,63.5,,2921.4,,0.7,12.5,,4.7,39.56445488
1/2/1999,493.45,79.67,0.1,0.3,7.25,,,,,,,2945,16508,31216,859.6,42718,4370,7029,27175,50.3,52.9,,,,15223,,,,,68.9,59.6,,2724.4,,0.6,12,,5,39.62372344
1/3/1999,492.48,78.48,0.6,0.9,7.22,,,,,,,2904,16525,31145,931.7,41977,4371,7047,26776,56.5,53,,,,15141,,,,,77.8,72.9,,3088.6,,0.6,14.7,,5.2,39.70454419
1/4/1999,482.33,77.78,0.4,0.3,6.57,,,,,,,2882,16764,31502,939.8,42100,4343,7091,26913,53.9,52.6,,,,15981,,,,,70.9,67,,2856.7,,0.7,17.3,,5.2,39.88773791
1/5/1999,485.04,78.28,0.1,0,6.1,,,,,,,2932,17244,32250,897.6,42327,4273,7167,27039,53.9,52.9,,,,16796,,,,,78.2,67.3,,2965.9,,0.7,17.8,192,5.5,39.98472282
1/6/1999,502.17,80.22,0.1,0.2,5.54,,,,,,,2990,17643,32911,1006.1,42370,4199,7245,26869,52.8,53.6,,,,15249,,,,,70.5,66,,2933.1,,0.7,17.9,188.1,5.9,40.30800585
1/7/1999,516.74,82.58,0.1,0,5,,,,,,,2910,17706,32883,1014,42738,4179,7299,27213,51.6,53.5,,,,15267,,,,,72.3,69.6,,3070.4,,0.7,20.1,184.9,5.8,40.36727441
1/8/1999,513.03,83.01,0.2,0.1,5,,,,,,,2848,17735,32840,1008.3,42913,4178,7390,27267,52.4,54,,,,15192,,,,,75.9,70.3,,3094.5,,0.8,21.3,190.6,5.9,40.36188636
1/9/1999,524.55,85.34,0.2,-0.1,5,,,,,,,3046,17940,33240,984.2,43307,4204,7491,27334,51.5,54.9,,,,14843,,,,,71.7,64.9,,2946.2,,0.8,23.9,186.7,5.9,40.56663228
1/10/1999,537.97,87.46,0.4,0.1,5,,,,,,,3017,18019,33445,987.7,43561,4217,7557,27412,55.8,55,,,,14835,,,,,76,69,,3076.1,,0.8,22.6,159.5,6.1,40.56663228
1/11/1999,543.71,88.27,0.2,0,5,,,,,,,3084,18206,33951,1058.4,44143,4261,7630,27810,57.2,55.8,,,,14690,,,,,74.5,72.3,,3052.6,,0.8,24.9,155.8,6,40.61512473
1/12/1999,538.22,87.54,0.3,0.1,5,,,,,,,3426,18407,34514,1125.3,43970,4231,7778,27831,59.7,55.9,,,,14946,,,,,80.8,73.1,,3191.3,,0.8,26.1,145.2,6.3,41.26707884
1/1/2000,520.45,84.71,0.2,0.2,5.02,,,,,,,3436,18744,34621,1151.4,44005,4322,7840,27776,55.5,56.1,,,,14481,,,,,77.7,70.5,,3175.6,,0.8,27.3,150,6.7,41.40716816
1/2/2000,512.85,82.93,0.6,0.5,5.25,,,,,,,3357,18568,34676,1106.2,43524,4284,7848,27475,53.3,56.1,,,,14558,,,,,73.8,63.5,,3013.8,,0.8,29.4,161.4,6.5,41.57419772
1/3/2000,504.38,81.49,0.7,1,5.37,,,,,,,3209,18573,34805,1129.8,43570,4312,7879,27459,60.1,56.2,,,,14769,,,,,81.6,77.5,,3366.5,,0.8,29.9,171.4,6.2,41.82743609
1/4/2000,508.1,81.44,0.5,0.3,5.5,,,,,,,3172,18828,35218,1075,43884,4289,7877,27637,57.7,56.3,,,,14660,,,,,79.2,68.9,,3233.3,,0.8,25.8,199.7,6,41.97291346
1/5/2000,521.66,82.25,0.2,0.2,5.5,,,,,,,3133,18994,35471,1124.2,44030,4240,7948,27601,57.6,56.4,,,,14931,,,,,80.6,74.9,,3355,,0.8,28.8,185.5,6.4,42.02679396
1/6/2000,529.74,85.2,0.2,0.2,5.5,,,,,,,3156,19191,35970,1108.7,44192,4184,8006,27586,55.3,55.9,,,,14875,,,,,72.4,69.1,,3231.5,,0.8,31.9,219.7,6.1,42.22615183
1/7/2000,542.75,87.39,0.1,0,5.5,,,,,,,3105,19394,36381,1074.8,44421,4179,8043,27554,54.7,56.9,,,,14869,,,,,80.7,72.7,,3290,,0.8,29.7,224.6,6,42.39856945
1/8/2000,550.99,87.96,0.3,0,5.43,,,,,,,3105,19187,36713,1123.3,44419,4157,8052,27708,55.5,57.2,,,,14703,,,,,76.4,73.6,,3272.2,,0.8,31.3,190.7,5.8,42.60870342
1/9/2000,565.9,89.78,0.6,0.1,5,,,,,,,3198,19173,36793,1109.8,44524,4139,8054,27774,53.7,57.2,,,,14425,,,,,75.8,64.5,,3117.1,,0.9,33.9,192.1,5.8,42.79728519
1/10/2000,567.84,89.23,0.6,0.2,5,,,,,,,3143,19421,37042,1060.8,44715,4148,8085,27893,58.2,57.4,,,,14560,,,,,82.2,72.5,,3258.3,,0.9,33.1,216.2,5.7,42.9481506
1/11/2000,574.6,89.64,0.3,0.3,5,,,,,,,3177,19633,37653,1086.6,45307,4172,8143,28284,59.1,57.8,,,,14541,,,,,81,71.8,,3211.8,,0.8,34.4,228.2,5.7,43.07746381
1/12/2000,574.63,90.2,0.1,0.3,5,,,,,,,3518,20129,38545,1084.4,45784,4166,8192,28947,61.6,58,,,,15110,,,,,80.2,70.3,,3342.4,,0.8,28.4,227.8,5.2,43.4384632
1/1/2001,571.12,90.29,0.3,0.1,4.9,,,,,,,3510,20513,38974,1138.4,45745,4284,8207,28932,57.1,57.7,,,,14856,,,,,76.8,68.8,,3312.9,,0.8,29.5,211,5.2,43.70786572
1/2/2001,563.13,88.32,-0.3,0,4.68,,,,,,,3471,20285,38804,1096.2,46095,4291,8256,29174,55.3,58.2,,,,14826,,,,,72.4,63.4,,3080,,0.8,29.6,188.6,5.1,43.83179088
1/3/2001,587.79,90.81,0.5,0.9,4.05,,,,,,,3701,20352,38959,1062.4,46295,4326,8233,29168,62.7,58.6,,,,14869,,,,,80.2,76.2,,3495.8,,0.8,27.2,189.7,4.9,44.0473129
1/4/2001,598.63,91.5,0.5,0.1,3.84,,,,,,,3704,20742,39556,1105.7,46661,4291,8239,29488,59.8,58.4,,,,14670,,,,,76.6,71,,3298.5,,0.8,27.4,176.1,5.1,44.16585002
1/5/2001,604.48,91.77,0.4,0,3.75,,,,,,,3699,20809,39632,1208.3,47032,4231,8245,29633,59.8,58.7,,,,14697,,,,,83.6,75.4,,3426.3,,0.8,28.6,178.7,5.4,44.28977518
1/6/2001,616.07,92.68,0.1,0.2,3.59,,,,,,,3720,20957,40174,1169.2,47489,4192,8354,29818,58.5,59.2,,,,14543,,,,,76.4,73.4,,3341.8,,0.7,27.6,178.3,5.3,44.57534185
1/7/2001,656.46,98.24,-0.2,0.1,3.5,,,,,,,3698,21040,40797,1201.2,48319,4194,8455,30148,56.3,58.6,,,,14683,,,,,80.3,72.9,,3450.3,,0.7,26.4,176.9,5.2,44.73698337
1/8/2001,673.7,101.17,0.8,0.4,6.5,,,,,,,3595,20825,41241,1239.3,48046,4152,8418,30038,57.1,58.8,,,,14900,,,,,81.4,74.8,,3445.5,,0.7,27.5,183.3,5,44.84474438
1/9/2001,681.24,101.16,0.7,0.3,6.5,,,,,,,3779,20707,41460,1071.3,48714,4161,8370,30520,55.3,58.7,,,,14595,,,,,79.9,64.5,,3218.7,,0.6,26.2,218.5,4.7,44.98483369
1/10/2001,708.1,103.71,0.1,0.4,6.5,,,,,,,3737,20974,42015,1121.9,49182,4194,8470,30799,59.9,59,,,,14468,,,,,84.2,73.6,,3410.1,,0.6,22.2,227,4.5,44.97944564
1/11/2001,689.4,101.05,0,0.1,6.5,,,,,,,3659,21081,42272,1192.1,49169,4253,8556,31111,60.7,59.3,,,,14379,,,,,80.7,73.4,,3343.1,,0.6,19.6,202.9,4.6,45.09798275
1/12/2001,669.14,98.31,-0.3,-0.1,6.5,,,,,,,4010,21302,42522,1183.1,49222,4347,8574,31376,62.5,59,,,,14400,,,,,84,69,,3505.3,,0.7,19.3,176.3,5,45.72838466
1/1/2002,667.28,95.37,-0.1,0.1,6.16,,,,,,,4140,21500,42984,1153,49695,4471,8605,31404,58.8,59.8,,,,14225,,,,,75.4,72.4,,3493.5,,0.7,19.7,174.9,5,45.97623499
1/2/2002,678.84,94.62,0,0.2,5.83,,,,,,,4061,21610,43083,1144.4,49415,4476,8615,31179,55.8,59.5,,,,14129,,,,,69.1,67.7,,3215.6,,0.7,20.7,168.2,4.9,46.1055482
1/3/2002,663.26,92.33,0.5,0.6,5.05,,,,,,,4045,21668,43091,1163.6,49068,4556,8605,30855,63.2,59.5,,,,14150,,,,,77.7,75.8,,3623,,0.7,24.4,136.1,5.3,46.29412997
1/4/2002,650.82,91.33,0.4,0.1,4.75,,,,,,,4038,21878,43217,1137.8,48577,4569,8611,30530,61.7,60.2,,,,15418,,,,,71.9,75.3,,3489,,0.7,26.2,125,5.2,46.31029412
1/5/2002,653.91,91.78,0.1,0.2,4.23,,,,,,,4116,21854,43151,1099.7,48594,4553,8691,30313,61.1,59.8,,,,15143,,,,,80,72.1,,3557.2,,0.7,27,139.9,5.1,46.40727903
1/6/2002,673.77,94.98,-0.1,0,4,,,,,,,4162,21978,43475,1032,49671,4575,8802,30766,59.9,60.3,,,,15223,,,,,75.4,70.2,,3494.3,,0.7,25.5,168.8,4.9,46.55275639
1/7/2002,696.33,99.05,0.4,0,3.54,,,,,,,4114,22167,43650,1039.6,49661,4580,8865,30526,58.4,60.4,,,,15099,,,,,70.5,76,,3591.9,,0.7,26.9,202.4,4.6,46.59586079
1/8/2002,702.3,99.21,0.4,0,3.07,,,,,,,4196,22168,43874,1022.4,49799,4603,8914,30495,59.2,60.7,,,,14935,,,,,78.1,71.7,,3594.5,,0.7,28.4,211.5,4.2,46.67668155
1/9/2002,726.98,101.52,0.8,0.2,3,4.12,,5.85,,3.55,2.53,4285,22399,44104,927.4,50264,4689,8928,30601,57.9,61,,,,14740,,,,,74.1,67.5,,3365.4,,0.7,29.7,199.7,3.9,46.87603942
1/10/2002,742.32,102.11,0.9,0.4,3,4.46,,6.36,,3.87,2.84,4284,22512,44206,958.5,50046,4719,8945,30623,62.4,61.3,,,,14911,,,,,78.5,77.8,,3606.3,,0.7,28.9,227.6,3.9,46.94069603
1/11/2002,709.48,99.87,-0.1,0.2,3,3.98,,5.98,,3.96,3.08,4461,23014,45091,960.3,50031,4815,9081,30920,63.1,61.5,,,,15178,,,,,79.7,75.2,,3547.5,,0.7,26.3,197.9,4,47.05384509
1/12/2002,701.95,100.12,-0.4,0.2,3,3.95,,5.63,,4.06,3.27,4670,23096,45202,1000,50174,4926,9121,31085,65.5,61.7,,,,15351,,,,,92.6,76.7,,3755.8,,0.7,29.4,167.9,4,47.57648599
1/1/2003,722.48,105.4,0.1,0.2,2.82,4.08,,5.8,,3.9,2.77,4887,23176,45746,1002,50569,5082,9163,31003,61.2,62.2,1739,1613,294,16429,,,,,78.1,75,,3742,,0.7,33,167.9,4,47.80817216
1/2/2003,745.21,108.68,0.8,0.1,2.75,4.16,,5.78,,3.94,2.75,4863,23305,46350,1014.9,50559,5045,9136,30838,58.7,62.5,1598,1289,223,16446,,,,,74.4,71.8,,3455.9,,0.8,35.8,164.4,3.9,47.96981367
1/3/2003,743.28,108.77,1.2,0.8,2.75,4.28,,5.84,,3.79,2.47,5245,23767,46748,1009.1,49895,5064,9211,30491,66.1,62.1,1857,1307,311,16499,,,,,83.7,82.4,,3888.8,,0.8,33.3,166.5,3.8,48.14223129
1/4/2003,718.25,106.08,-0.1,0.4,2.75,4.04,,5.67,,3.85,2.71,5105,23475,46923,1164,50641,5115,9398,31118,64.1,62.7,1805,1575,367,15890,,,,,77.4,78.9,,3738.3,,0.7,28.2,141.3,3.9,48.12067909
1/5/2003,703.58,106.49,-0.4,0,2.75,4.06,,5.75,,3.91,2.94,5124,22848,46816,1231,51040,5145,9550,31175,63.9,62.7,1878,1510,324,15862,,,,,81.3,75.6,,3789.9,,0.7,28.1,126.5,3.5,48.11529104
1/6/2003,709.18,108.38,0,0,2.75,4.06,,5.79,,3.86,2.85,5044,22600,46478,1228.1,50844,5203,9675,30805,62.5,62.9,1625,1372,264,15490,,,,,83.9,73.8,,3706.4,,0.8,30.7,129.1,3.3,48.2284401
1/7/2003,701.14,106.85,-0.1,0,2.75,5.86,,5.98,,3.9,2.77,4857,22265,46258,1321.4,51174,5276,9727,30927,61,63.2,1744,1554,245,15418,,,,,85.2,78.1,,3897.9,,0.8,30.8,120.6,3.9,48.35775331
1/8/2003,703.77,106,0.2,-0.1,2.75,5.01,,6.08,,3.92,2.7,4810,22009,46483,1369.6,51224,5304,9697,31075,61.4,63,1760,1521,287,15331,,,,,79.3,77,,3792.5,,0.8,31.6,118.8,4.4,48.48167847
1/9/2003,675.44,102.3,0.2,0,2.75,4.51,,6.25,,4.22,3,4988,22199,46726,1430.5,51131,5407,9794,31023,60.2,63.3,1678,1455,275,15655,,,,,79.9,73.5,,3623,,0.8,28.3,108.1,4.3,48.59482753
1/10/2003,646.07,100.04,-0.2,0,2.75,4.18,,5.88,,4.08,3.1,4920,22339,46432,1516,51279,5487,9982,31064,64.7,63.6,1917,1652,301,15649,,,,,85.7,81.7,,3849,,0.9,30.3,96.8,4.3,48.65948414
1/11/2003,625.47,97.25,-0.3,-0.1,2.75,3.51,,4.98,,4.08,3.16,5009,22225,46333,1458.3,52053,5627,10106,31466,65.2,63.6,1899,1503,292,15778,,,,,83.2,77.3,,3736.8,,0.9,31.1,87.2,4.3,48.78879735
1/12/2003,602.9,95.41,-0.3,0,2.45,3.26,,4.6,,4.3,3.24,5492,22548,46872,1484.8,52350,5678,10243,31710,67.8,63.8,2151,1516,304,15851,,,,,90.7,78.9,,3907,,1,32.1,86,4.3,49.17134894
1/1/2004,573.64,92.19,-0.2,0,1.87,2.99,,4.28,,3.98,2.96,5654,22943,46950,1408.9,53486,5901,10202,32633,63.7,64.7,2295,1676,293,16026,,,,,78.1,79.3,,3930.6,,1.1,34.2,88.4,4.1,49.37609486
1/2/2004,584.31,94.4,0,0,1.75,2.87,,4.24,,3.81,2.65,5591,23039,47016,1543.1,53552,5928,10243,32528,61.3,65.1,2581,1440,256,16090,,,,,77.6,77.6,,3796.2,,1.3,34.7,92.7,4.1,49.44613951
1/3/2004,603.91,97.04,0.4,0.5,1.75,2.71,,4.13,,3.53,2.34,5952,23597,48014,1458.9,54534,6049,10374,32845,70.1,65.9,2809,1859,346,15965,,,,,87.1,89.1,,4157.1,,1.4,36.7,92.5,3.8,49.51618417
1/4/2004,608.19,98.28,0.4,0,1.75,2.77,,4.31,,3.8,2.48,5716,23662,48081,1430.6,55255,6074,10457,33125,68,66.4,2804,1742,314,15986,,,,,87.1,83.2,,3951.2,,1.3,36.7,85.8,4.3,49.55390052
1/5/2004,635.76,101.32,0.5,0,1.75,2.98,,4.68,,3.74,2.21,5981,23796,48319,1428.8,55747,6086,10576,33142,67.9,66.7,2679,1837,340,16137,,,,,89.8,82.1,,4059.2,,1.2,40.3,97.5,4.7,49.53234832
1/6/2004,643.5,103.25,0.4,0.1,1.75,3.08,,4.38,,3.8,2.37,6088,23988,48783,1483,55983,6142,10843,33087,66.5,66.9,2492,1714,312,15853,,,,,89.6,80.3,,4020.7,,1.2,38,86,4.7,49.69398984
1/7/2004,632.39,102.39,0.2,0.1,1.75,3.12,6.43,4.65,,3.67,2.34,6074,24530,49168,1520.9,56848,6223,11140,33405,65.7,68.2,2836,2020,336,15850,,,,,95.1,84.8,,4185.7,,1.3,40.8,84.8,4.5,49.76403449
1/8/2004,635.93,103.08,0.4,0,1.75,3.14,6.31,4.88,,3.17,1.99,6085,24906,49626,1631.4,57106,6263,11245,33557,66.7,68.6,2803,1996,337,15781,,,,,92.2,84.8,,4160.3,,1.3,44.9,73.3,4.3,49.76942254
1/9/2004,616.55,100.23,0.1,0.1,1.94,3.46,6.18,4.97,,3.28,2.27,6303,25594,50389,1707,57319,6396,11514,33595,65.3,68.9,2788,2101,378,15843,,,,,90.3,83.2,,3928.6,,1.3,45.9,72.2,4.1,50.00649677
1/10/2004,607.28,100.09,0.3,0,2,4.2,6.57,5.48,,3.25,2.36,6422,26231,50960,1768.2,58393,6505,11675,34213,70.6,69.5,2769,2245,429,15704,,,,,97.6,86.8,,4136,,1.4,53.3,77.8,4.1,50.00649677
1/11/2004,596.72,100.02,0.3,0.2,2.15,4.07,6.19,5.1,,3.21,2.44,6447,26241,51414,1790.5,58627,6645,11838,34366,71.3,69.5,2967,2042,410,16007,,,,,94.8,85.7,,4055.2,,1.4,48.5,72.6,4.2,50.09809362
1/12/2004,576.17,98,-0.4,0.1,2.25,4.12,6.01,4.86,,3.26,2.56,6815,26769,51840,1796.5,59122,6766,12162,34815,74.2,69.5,3203,2193,486,16016,,,,,102.5,87.9,,4289.8,,1.4,43.2,67.6,4.2,50.48603326
1/1/2005,574.12,97.66,-0.3,0,2.42,3.99,5.97,4.89,2.19,3.16,2.5,6980,27363,51844,1809.9,60487,7068,12271,35501,68.4,69.5,2905,2170,475,15595,,,,,86.6,84,,4186,,1.4,46.8,62.6,4.2,50.82548044
1/2/2005,573.58,98.28,-0.1,0.1,2.65,4.12,5.91,4.91,1.99,2.9,2.27,6869,27506,51938,1895.2,60869,7161,12332,35541,65.2,69.1,2884,2005,404,15470,,,,,75,80.4,,3879.6,,1.5,48,60.6,4.2,51.16492763
1/3/2005,586.48,100.45,0.6,0.5,2.75,4.55,6.04,5.14,1.7,2.81,2.14,6830,27803,52416,1961.7,61557,7327,12469,35866,73.9,69.9,3641,2546,505,15380,,,,,89.8,92,,4344.6,,1.5,54.2,65.5,4.5,51.53670311
1/4/2005,580.46,99.33,0.9,0.2,2.94,4.62,6.09,5.39,1.5,2.63,2.08,6898,28497,53291,1957,62066,7380,12444,36160,72.2,70.6,3494,2391,571,16990,,,,,82.6,91.9,,4174.4,,1.5,53,70.5,4.3,51.72528488
1/5/2005,578.31,98.6,0.3,0.2,3.14,4.72,5.88,5.31,1.52,2.39,2.08,7018,28983,54116,1968.8,62706,7417,12618,36393,71.4,70.2,3283,2563,493,17377,,,,,91.3,87.7,,4273.6,,1.5,49.8,70.5,4.1,51.85998614
1/6/2005,585.47,99.07,0.4,0.2,3.25,4.69,5.69,5.14,1.6,2.33,1.97,6912,29518,54797,2056.8,62805,7481,12813,36443,70.6,71,3480,2414,536,16643,,,,,83.5,85.7,,4143.2,,1.6,56.4,65.8,4,52.09706036
1/7/2005,575.77,97.3,0.6,0.2,3.4,4.77,5.8,5.33,1.61,2.4,1.96,6869,29899,55084,2175.1,62771,7563,12966,36412,68.4,71.3,3439,2749,678,16214,,,,,84.4,87.7,,4279.4,,1.6,58.7,59,4.2,52.43111949
1/8/2005,546.61,93.09,0.3,0.1,3.65,4.91,5.78,5.42,1.49,2.2,1.82,6769,29832,55195,2086.3,63504,7698,13241,36796,70.8,73,3351,2655,557,16272,,,,,93.5,88.5,,4282.7,,1.7,65,54.9,4.3,52.59276101
1/9/2005,536.7,91.11,1,0.3,3.93,5.06,5.85,5.52,1.43,2.26,1.87,6839,29917,55625,2152.8,64014,7806,13462,37156,68.8,72.4,3486,2771,568,15651,,,,,88.4,87.6,,4074,,1.7,65.5,56,4.2,52.85677549
1/10/2005,535.5,90.53,0.5,0.2,4.18,5.58,6.24,6.04,2.28,2.99,2.66,6857,30724,56218,2072.6,64995,7951,13643,37558,73.4,72.2,3489,3013,768,15021,,,,,92.7,90.1,,4276.7,,1.8,62.4,60.9,4.5,53.03458115
1/11/2005,529.88,89.1,-0.2,0.2,4.42,5.85,6.53,6.23,3.35,3.35,3.33,6939,31518,57165,2027.6,66390,8186,13904,38681,75.4,73.5,4091,2834,698,16025,,,,,95.7,90.9,,4251.7,,1.9,58.3,74.3,4.5,53.15850631
1/12/2005,514.33,86.61,-0.3,0.2,4.5,5.86,6.3,6.04,3.43,3.26,3.17,7579,33191,58669,1964.5,67716,8369,14144,39651,79.4,74.1,4430,2563,589,16963,,,,,109.9,92.8,,4455.2,,2.1,59.4,77,4.5,53.66498306
1/1/2006,524.48,89.36,0.1,0,4.5,5.71,6.19,6.04,2.96,3.01,2.86,7578,33275,58411,2118.5,68301,8518,14246,39566,72.4,73.6,4073,2982,619,15902,,,,,84.2,90.7,,4441.9,,2.1,65.5,76.3,4.4,53.88050508
1/2/2006,525.7,89.78,-0.1,0.2,4.66,5.81,6.26,6.02,2.57,2.95,2.69,7548,33541,58808,2166.8,68914,8647,14402,39787,70,74.1,4291,2472,428,16130,,,,,78.3,84.2,,4058.5,,2.3,61.6,70.8,4.6,54.07986295
1/3/2006,528.77,89.59,0.6,0.9,4.75,5.85,6.3,6,2.6,3.01,2.78,7540,34052,59337,2182,69968,8872,14514,40366,77.9,73.9,5644,3030,659,15971,,,,,89.6,98.3,,4572.8,,2.3,62.9,71.2,4.7,54.23072836
1/4/2006,517.33,88.68,0.6,0.4,4.88,5.91,6.31,6.04,2.46,3.01,2.72,7637,34529,59766,2201.6,70837,8975,14571,41051,76.1,74.8,5264,2442,476,17468,,,,,88.3,92.2,,4375.3,,2.9,69.5,76.9,5,54.51090699
1/5/2006,520.79,90.65,0.2,0.1,5,5.96,6.32,6.11,2.89,3.23,2.98,7696,34949,60307,2156.5,71528,9071,14785,41090,76.8,75.7,4708,3317,581,18173,,,,,92.4,93.6,,4540.5,,3.6,70.9,77.3,5.1,54.69948876
1/6/2006,542.46,93.66,0.6,0.1,5,6.07,6.44,6.24,3.08,3.3,3.17,7822,35405,60802,2126,72437,9144,14926,41315,75.4,75.8,6026,3113,610,17570,,,,,91.3,88.1,,4419.7,,3.3,70.9,82.3,5.1,54.93117493
1/7/2006,540.62,93.89,0.5,0.2,5.14,6.16,6.55,6.35,2.9,3.24,3.05,7690,35451,60572,2131.6,72710,9238,15128,41618,73,75.9,4990,3027,679,17033,,,,,91.9,90.1,,4573.1,,3.5,74.4,83.6,5.1,55.15747305
1/8/2006,538.53,94.11,0.3,0,5.25,6.01,6.35,6.17,2.89,3.12,3,7658,36298,61518,2206.4,73612,9433,15402,42043,74.2,76.3,5135,3435,670,16971,,,,,83.5,89.8,,4518.7,,3.5,73,86.7,4.9,55.35683092
1/9/2006,538.65,93.11,0,0.1,5.25,5.72,6.02,5.96,3.16,3.07,3.07,7925,37093,62992,2280.5,74208,9603,15600,42101,73.4,77.1,4942,3255,748,17547,,,,,81.2,85.4,,4309.9,,3.4,63.8,84.6,4.7,55.6423976
1/10/2006,530.95,91.59,-0.3,0.1,5.25,5.53,5.87,5.75,3.25,2.95,2.95,7740,36841,62912,2380.3,75024,9804,15800,42584,79.1,77.9,4392,3173,603,17490,,,,,98.9,94.5,,4562.8,,3.4,58.9,81.9,4.7,55.77709886
1/11/2006,527.44,92.37,-0.2,0.3,5.25,5.47,5.6,5.57,3.18,2.73,2.78,7867,37316,63560,2559.7,76634,10008,15999,43601,79.7,77.7,4112,3243,696,17164,,,,,95.6,92.9,,4471.8,,3.2,59.1,78.6,4.6,55.92257622
1/12/2006,527.58,93.38,0.1,0.2,5.25,5.51,5.61,5.56,3,2.67,2.66,8580,38639,65037,2693.4,78157,10141,16138,44697,84.1,78.3,5803,2993,653,19429,,,,,105.9,93.9,,4729.8,,3,62,86.5,4.6,56.71461965
1/1/2007,540.51,94.21,0.3,0.2,5.09,5.26,5.49,5.37,2.88,2.69,2.65,8792,39511,65743,2895.3,78736,10227,16283,44851,76.4,77.9,5407,2980,548,17341,,,,,88.9,93.3,,4760.4,,2.6,54.2,81.3,4.8,56.99479828
1/2/2007,542.27,95.54,-0.2,0.2,5,5.17,5.52,5.34,2.77,2.77,2.71,8739,39865,66356,2811.6,79765,10338,16526,45463,73.4,78.3,5183,2893,535,16172,,,,,79.2,88.2,,4310.8,,2.6,59.3,80.1,4.7,57.39890206
1/3/2007,538.49,95.23,0.4,0.7,5,5.09,5.5,5.3,2.59,2.65,2.59,8782,40408,67013,2929,80393,10493,16709,45794,83.2,79.9,6041,3513,675,15390,,,,,100,103.2,,4891.5,,2.9,60.6,86.2,4.6,57.79222975
1/4/2007,532.3,95.52,0.6,0.5,5,5.15,5.63,5.34,2.34,2.64,2.49,8996,41120,67502,3161.2,81245,10561,16838,46244,80.6,79.4,6218,3250,622,17529,,,,,92.7,97,,4635.6,,3.5,63.9,82,4.7,58.11551278
1/5/2007,522.02,94.04,0.6,0.4,5,5.52,6.07,5.74,2.59,2.95,2.79,9049,41748,68686,3279.5,81997,10560,17068,46554,80.8,79.4,6394,3849,747,16961,,,,,96,96.4,,4777.1,,3.5,63.5,79.7,4.7,58.3094826
1/6/2007,526.72,95.07,0.9,0.4,5,5.84,6.49,6.07,2.59,3.21,2.95,9093,42478,69631,3470.2,82426,10542,17312,46873,79.3,79.5,5939,3504,646,17896,,,,,93.8,94.2,,4705.1,,3.4,67.5,80.3,5.1,58.60043733
1/7/2007,519.8,94.41,1.1,0.8,5.15,6.07,6.53,6.24,2.58,3.18,2.82,9141,43094,70343,3340.4,82676,10556,17460,47079,75.3,78.5,5468,3740,631,18581,,,,,91.5,93.6,,4692.6,,3.6,74.1,89.8,5,59.61877887
1/8/2007,522.92,93.42,1.1,0.7,5.42,6.25,6.45,6.33,2.77,3.1,2.9,9121,43189,70757,3310.1,83439,10622,17678,47502,77.6,79.5,5575,4145,725,15761,,,,,87.9,93.5,,4724.9,,3.4,72.4,107.9,4.7,59.79658454
1/9/2007,516.91,92.18,1.1,0.7,5.62,6.19,6.37,6.27,2.72,2.96,2.75,9409,43516,71324,3249,84019,10610,17925,48000,77.3,80.7,5291,3661,661,16320,,,,,96.3,86.4,,4425.3,,3.5,79.9,121.2,4.5,60.21146443
1/10/2007,501.44,91.07,0.3,0.5,5.75,6.18,6.35,6.26,2.72,3,2.83,9191,43978,72127,3451.2,85077,10717,18239,48762,81.8,80.2,5803,4424,831,16422,,,,,98,99,,4710,,3.6,85.9,117,4.5,60.4215984
1/11/2007,506.95,93.62,0.8,0.5,5.75,6.1,6.22,6.17,2.84,2.89,2.82,9571,45460,73830,3204.5,86734,10788,18373,49846,83.1,80.8,5412,4411,924,16224,,,,,93.4,96.9,,4582.5,,3.2,94.8,133.7,4.1,60.67483677
1/12/2007,499.28,91.85,0.5,0.4,5.88,6.2,6.36,6.3,2.83,3.02,2.94,10130,47119,75179,3051.8,87828,10855,18627,50853,88,81.7,5830,4108,987,16910,,,,,105.6,97,,4775.9,,3,91.4,152.7,4.1,61.445328
1/1/2008,480.9,89.57,0,0.3,6.17,6.49,6.55,6.51,2.78,3.02,2.94,10204,47932,75855,2788.3,87725,10978,19015,50664,80.4,82.4,6265,4251,826,16882,,,,,88,97.4,,4878.3,,3.2,93,164.6,3.7,62.02723745
1/2/2008,467.22,87.97,0.4,0.2,6.25,6.36,6.34,6.35,2.67,2.81,2.72,10157,48453,76113,2836.8,88305,11017,19137,50973,78.3,83.4,6120,4340,731,17197,,,,,84.1,93.2,,4611.1,,3.6,95.4,169.1,3.7,62.39362488
1/3/2008,442.94,84.89,0.8,1.3,6.25,6.55,6.53,6.53,2.01,2.67,2.35,10102,48979,76559,2902,88154,11044,19259,50792,86.7,83.2,6772,4469,736,17897,,,,,91.4,102.2,,4765.3,,3.8,105.5,169.3,3.5,62.76540037
1/4/2008,446.43,87.14,0.4,0.7,6.25,6.55,6.54,6.52,1.92,2.7,2.34,10101,49570,77828,2989.4,90408,11134,19563,51768,84.4,82.8,6290,5196,900,18263,,,,,84.8,101.3,,4449.9,,3.9,112.6,171.9,3.6,63.15334001
1/5/2008,470.1,91.47,1.2,0.7,6.25,6.9,7.02,6.96,2.07,3.17,2.8,10416,50252,79678,3048.9,91037,10999,19595,51898,84.3,82.8,6197,5183,993,19125,,,,,90.9,94.2,,4619,,3.8,125.4,159,3.9,63.48201109
1/6/2008,493.61,96.88,1.5,0.6,6.58,7.54,7.57,7.56,1.69,3.42,2.86,10492,50389,81062,2999.9,92131,10883,19728,52194,83.2,83.5,5832,5123,1072,20250,,,,,94.1,93.3,,4661.8,,3.7,133.9,166,4.1,63.65981675
1/7/2008,502.24,99.75,1.1,0.5,7.07,8.05,7.8,7.8,1.72,3.39,2.91,9950,50128,81643,3014.8,91797,10817,19949,52232,80.1,83.7,5846,5791,1143,21847,,,,,86.8,96.5,,4779.2,,3.8,133.4,180.7,4,64.41953188
1/8/2008,516.7,99.3,0.9,0.5,7.5,8.38,7.89,8.04,1.92,3.4,2.95,10063,50614,83340,2895.2,92137,10797,20166,52438,79.3,81,5042,5561,1019,22356,,,,,84.8,90.6,,4757.5,,3.5,116.6,172.6,3.9,64.6997105
1/9/2008,530.17,97.25,1.1,0.5,8.15,8.6,7.65,7.77,2.88,3.4,3.19,10193,51290,85235,2753.3,93130,10714,20282,52770,78.7,82.3,4396,5397,1011,24204,,,,,85.9,89.5,,4530.6,,3.2,103.9,188.9,3.7,65.1684709
1/10/2008,618.39,105.61,0.9,0.6,8.25,7.3,6.82,6.84,3.54,3.18,3.2,10417,52927,86992,2489.6,95998,10631,20413,54146,84.1,82.4,4118,5503,1104,22959,,,,,90.3,98.2,,4783.1,,2.2,76.6,307.4,3.8,65.41632122
1/11/2008,651.51,107.38,-0.1,0.8,8.25,6.78,6.53,6.59,4.04,3.28,3.44,10283,54093,88021,2406.3,96744,10693,20678,54644,82.9,80.5,3393,3814,1024,21921,,,,,87.8,91.5,,4661.7,,1.7,57.3,352.8,3.5,65.68033569
1/12/2008,649.32,107.49,-1.2,0.4,8.25,6.53,6.08,6.1,4.54,3.2,3.47,10808,55157,88810,2376.4,96668,10811,21055,54675,88.1,81.6,4240,3828,897,23162,,,,,96,93.4,,4878.8,,1.4,41.4,350.9,2.4,66.66634894
1/1/2009,623.01,103.02,-0.8,0.3,7.49,5.73,5.57,5.51,4.14,2.92,3.19,10753,55264,88645,2549.5,96138,10879,21214,54279,78.6,81,3652,3155,804,23454,,,,86.3,84,89.2,,4856.8,,1.5,41.7,383.1,2.5,66.94113951
1/2/2009,606,98.36,-0.4,0.3,5.88,3.91,4.84,4.35,2.56,2.45,2.14,10535,54726,88440,2468.6,95093,10845,21152,53840,74.8,80.8,3436,2789,575,22896,,,,79.6,74.8,86,,4418.8,,1.5,39.2,370.5,2.9,67.11355713
1/3/2009,592.93,94.7,0.4,1.1,3.27,2.75,4.89,4.08,1.47,2.4,1.67,10643,53978,88131,2478.9,93434,10807,21098,52747,85,80.9,4299,2909,573,23382,,,,89.9,86.1,96.1,,4911.6,,1.7,48,318.7,2.8,67.32907915
1/4/2009,583.18,95.82,-0.2,-0.1,1.92,2.49,5.44,4.45,1.24,2.62,1.81,10890,53627,88263,2670.8,93825,10876,21192,53396,82,80.6,4368,3193,643,23560,,,,85.4,84.5,88,,4567.9,,2,49.8,303.4,2.9,67.55537727
1/5/2009,565.72,95.29,-0.3,0.1,1.36,2.36,5.69,4.48,1.87,3.02,2.61,11334,53824,88802,3100.4,93665,10832,21361,53367,81.5,80.3,4279,2775,538,24001,,,,86.4,89.1,84.5,,4700.3,,2.1,59.1,248.6,3.3,67.75473514
1/6/2009,553.08,95.1,0.3,0,1.04,2.68,5.89,4.83,2,3.03,2.58,11615,53975,88978,3090.5,92060,10720,21485,52793,80.1,80.3,4447,3006,596,23448,,,,87.8,92.3,84.1,,4671.5,,2.3,69.6,172,3.7,67.92176471
1/7/2009,540.42,93.76,-0.4,-0.3,0.58,2.2,5.75,4.64,1.64,2.87,2.48,11602,54315,88664,3226.2,92631,10777,21753,53065,77,80.7,4751,3737,778,23498,,,,84.3,83.4,86.9,,4698.1,,2.4,64.1,162.7,3.5,68.24504774
1/8/2009,546.88,96.77,-0.4,-0.2,0.5,1.45,5.61,4.39,1.41,2.94,2.55,11748,54411,88962,3175.2,93732,10829,21988,53815,79.8,81.2,4671,3251,638,25053,,,,88.4,91.7,86.4,,4791.1,,2.8,71.1,134.6,3.6,68.51983831
1/9/2009,549.07,96.33,1,0.2,0.5,2.2,5.85,4.91,0.98,2.87,2.18,12297,54228,89248,3372.9,93039,10750,21925,53521,78.7,81.9,4404,3248,568,26040,,,,88,92.6,84.5,,4626.8,,2.8,69.4,142.6,3.4,68.88622575
1/10/2009,545.83,97.28,0,0,0.5,2.92,5.98,5.17,1.17,2.86,2.21,12344,53844,88516,3314.5,93459,10826,22240,53578,83.4,82,5744,3893,678,25963,,,,94.8,98.5,93.7,,4786,,2.9,75.8,138.5,3.4,69.03170311
1/11/2009,507.78,91.66,-0.5,-0.1,0.5,3.01,6.16,5.39,1.92,3.19,2.65,12322,53339,88383,3255.3,93633,10940,22667,53709,85.3,82.1,5317,4009,872,26115,,,,91.4,92.8,92.5,,4690.2,,3,78,130.1,3.4,69.24183708
1/12/2009,501.45,90.75,-0.3,-0.1,0.5,2.84,6.31,5.36,2.06,3.29,2.86,13279,54288,89579,3581.4,95943,11076,22924,55864,89,82.7,6096,4177,1089,25373,,,,95,98.5,92.6,,4977.4,,3.2,74.5,111,3.6,70
1/1/2010,500.66,89.75,0.5,-0.1,0.5,3.22,6.39,5.32,1.71,3.19,2.61,13781,55381,90409,3809,96152,11064,22866,55361,80.3,83.1,5067,3887,863,24946,,,,85.5,83.6,87.6,,4883.8,,3.4,78.4,107.9,3.7,69.8
1/2/2010,532.56,94.26,0.3,0.2,0.5,3.73,6.4,5.39,1.13,3.11,2.23,13876,55821,91188,3827.4,96200,11053,22953,55518,77.6,84.1,5004,3665,720,24922,,,,81.5,78.4,85.9,,4385.9,,3.1,76.4,132.2,3.7,70
1/3/2010,523.16,93.32,0.1,0.3,0.5,3.54,6.47,5.46,0.6,3.12,2.12,14205,56475,92580,3763.1,96164,11117,23080,55266,84.9,80.6,5544,4213,797,25631,7883.7,7156.2,9.2,85.9,89.3,82.5,,4528.2,,3.4,81.3,128,3.7,69.9
1/4/2010,520.62,93,0.5,0,0.5,3.71,6.47,5.66,0.76,3.12,2.27,14334,56897,93520,3865.5,96692,11221,23118,55418,86.9,85.4,5361,4224,943,25523,7896.5,7198.8,8.8,89.3,89.8,90.9,,4608,,3.5,84.5,111,3.8,70.6
1/5/2010,533.21,93.61,0.4,-0.1,0.5,3.89,6.36,5.61,1.17,2.98,2.28,15027,57758,94621,3886.9,97398,11199,23318,55599,86.6,85,5674,4556,834,24861,7899.8,7181.9,9.1,88.3,86,92.7,,4844.7,,3.1,73.7,140.2,3.4,70.9
1/6/2010,536.67,93.59,0,0.1,0.74,4.08,6.37,5.66,1.18,2.99,2.38,15322,57634,94823,4065.3,98442,11268,23648,55962,85.7,85.9,5364,4249,877,25175,7905.9,7221.6,8.7,90.3,92.4,89.1,,4897.5,,2.9,75.4,154.4,3.2,71
1/7/2010,531.72,93.72,0.6,0,1.24,4.52,6.26,5.7,1.26,2.86,2.34,15145,57204,93691,4364.2,97305,11300,23675,55171,82.9,87.1,6006,4963,1017,25826,7931.6,7256.5,8.5,91.3,91.4,92.2,,5100.2,,3.1,76.4,138,3,71.5
1/8/2010,509.32,90.91,-0.1,0.2,1.8,4.81,5.98,5.67,1.3,2.7,2.28,15126,57160,93615,4525,98063,11477,24017,55490,86.4,87.3,6323,4974,944,25221,7960.8,7289.2,8.4,93.3,93.7,95,,5086.5,,3.3,76.6,132.7,2.7,71.7
1/9/2010,493.93,88.72,0.4,0.3,2.2,4.75,5.96,5.6,1.82,2.84,2.49,15649,57638,95532,4795.4,98155,11530,24137,55676,83.8,87.7,6140,4774,930,26446,8042.9,7389.5,8.1,88,89.4,87.9,,4778.4,,3.5,75.3,133.5,2.6,72.2
1/10/2010,484.04,89.07,0.1,0.1,2.64,4.91,6.1,5.73,2.09,3.09,2.72,15449,58105,96875,4912.5,99618,11661,24390,56266,88.7,87.8,6343,5216,1084,26473,8043,7414.4,7.8,93.9,93.2,97.4,,5000.6,,3.8,81.9,133.2,2.5,72.4
1/11/2010,482.32,88.91,0.1,-0.1,2.87,4.88,6.17,5.77,1.97,2.99,2.65,15348,58706,98471,4957,100408,11841,24600,56523,92.6,89.1,6522,5168,1124,26006,8087.4,7503.1,7.2,94.7,93.7,98.4,,4996.5,,3.8,84.2,123.5,2.7,72.6
1/12/2010,474.78,87.4,0.1,0,3.12,5.1,6.11,5.77,2.13,2.91,2.66,16105,60000,100198,4927.5,100833,11989,24871,57227,95.7,88.5,7761,5327,1182,27864,8160.7,7572.3,7.2,98.5,99.8,98.7,,5226.2,,4.1,89.2,115.8,3.3,73.3
1/1/2011,489.44,91.47,0.3,0.1,3.25,5.7,6.56,6.17,1.71,3.18,2.77,16486,60852,102276,4673.1,102197,12115,24955,57474,86.8,89.3,6490,4831,988,26977,8227.8,7615.5,7.4,92.8,91.5,94.7,,5201.8,,4.3,89.4,116.4,3.4,73.7
1/2/2011,475.69,90.01,0.2,0.2,3.34,5.87,6.87,6.6,1.58,3.16,2.65,16098,60641,103135,4444.6,102730,12220,25092,57564,82.7,89.3,6004,4997,1056,28450,8233.9,7621,7.4,82.9,75.9,91.9,,4729.5,,4.5,89.5,113.9,3.6,74.1
1/3/2011,479.65,91.34,0.8,0.6,3.72,5.86,6.58,6.46,1.6,2.92,2.43,16027,61286,103823,4624.5,103563,12396,25152,57855,95.6,90.2,7719,6177,1211,31481,8246.4,7623.9,7.5,97.9,91,108.9,,5277.7,,4.3,102.9,114.3,3.4,74.3
1/4/2011,471.32,91.29,0.3,0.2,4.3,6.04,6.42,6.35,1.89,2.87,2.47,16302,62565,105261,4822.5,104573,12565,25347,58444,92.1,90.9,7265,5582,1065,31943,8250,7655.1,7.2,91.5,88.8,96.5,,4971,,4.3,110,120.2,3.4,74.7
1/5/2011,467.73,90.52,0.4,0.3,4.8,6.01,6.28,6.22,2.33,2.89,2.61,16580,63986,107005,4847.9,106048,12594,25505,59225,93.3,90.8,7408,5979,1095,32770,8269.6,7665.5,7.3,93.7,89.8,100,,5229.2,,4,101.3,127.1,3.2,74.7
1/6/2011,469.41,91.02,0.2,0,5.13,5.99,6.27,6.19,2.45,2.91,2.62,16707,65132,108757,4795.3,106503,12717,25760,59523,90.3,90.8,6697,5908,1098,34884,8296.9,7698.5,7.2,91,88.3,95.9,,5072.9,,4.1,96.3,136,3,75.1
1/7/2011,462.94,90.32,0.1,0.1,5.25,5.99,6.18,6.1,2.69,2.91,2.73,16299,65635,109988,4426,107145,12850,25958,59646,86.2,90.8,6387,6108,1122,34481,8285.2,7659.4,7.6,86.2,78.4,96.3,,5156.7,,4.4,97.3,129.1,3,75.8
1/8/2011,466.79,90.94,0.2,0.1,5.25,5.41,5.57,5.49,2.64,2.62,2.57,16532,67225,112058,4288.4,108266,13045,26131,60095,90.1,91.3,6348,6464,1215,36366,8308.5,7684.2,7.5,92.8,88.8,99.4,,5273.4,,4.1,86.3,147.3,2.3,76
1/9/2011,483.69,92.15,0.5,0.2,5.25,4.88,5.05,4.93,2.11,2.24,2,16812,68816,114896,3888.6,110773,13101,26206,61324,87.5,91.4,6541,6357,1285,37840,8323.2,7688.4,7.6,92.4,91.1,96.4,,4981.5,,3.8,85.6,172.5,2,76.5
1/10/2011,511.74,95.94,0.5,0.2,5.25,4.7,5.1,4.83,2.08,2.35,2.04,16918,70040,117611,4327.3,110941,13187,26323,61880,92.7,92.2,6680,5771,1240,38680,8322,7703.1,7.4,96.6,96.4,99.1,,5258.5,,3.3,86.4,167.7,2.1,76.7
1/11/2011,508.44,95,0.3,0.1,5.25,5,5.46,5.21,2.48,2.72,2.5,16806,70916,119077,4161.3,112627,13454,26566,62695,96.1,92.4,6751,6437,1531,38793,8327.4,7716.9,7.3,97.5,94.9,103.1,,5262.4,,3.4,97.1,158.4,2,77
1/12/2011,517.17,95.03,0.6,0.3,5.25,4.94,5.29,5.04,2.56,2.6,2.47,18009,73142,121196,4177.5,112910,13514,26767,63332,101.6,94.1,7148,6053,1446,41979,8356.4,7786.9,6.8,103.8,105.2,103.9,,5595,,3.4,98.6,160.7,2,77.9
1/1/2012,501.34,92.85,0.1,0.4,5.1,4.8,5.07,4.93,2.15,2.38,2.19,18188,73854,123068,4260.8,113149,13626,26996,63910,91.1,93.8,6466,5607,994,39210,8391.7,7816.6,6.9,93.9,90,97.7,,5580.2,,3.6,100.3,164.2,1.9,78.6
1/2/2012,481.49,90.14,0.4,0.3,5,5.07,5.29,5.14,2.07,2.36,2.17,17736,73384,123238,4535.6,113597,13690,27114,64088,88,94.5,6331,5529,1010,39325,8424,7874.1,6.5,90.2,84.5,96.6,,5289.1,,3.8,102.2,158,2,78.8
1/3/2012,485.4,90.73,0.2,0.5,5,5.49,5.79,5.61,2.11,2.57,2.35,17863,74095,124413,4671.3,115455,13848,27350,65174,99.7,95.2,7067,6047,1171,39551,8416.9,7844.8,6.8,100.1,92.6,110.5,,5671.2,,3.8,106.2,150.3,2.2,79.2
1/4/2012,486,90.6,0.1,0.3,5,5.53,5.82,5.71,2.41,2.58,2.45,18270,75792,126462,4585.8,116720,13965,27571,65832,97,95.8,6568,5730,1067,38770,8420,7850.5,6.8,95.3,92.1,100.7,,5206.6,,3.7,103.3,159.1,2,79.3
1/5/2012,497.09,91.3,0,0,5,5.24,5.51,5.43,2.42,2.44,2.32,18739,77722,128497,4318.2,119474,14040,27777,67249,98.1,95.8,6420,6580,1226,38302,8423,7838.3,6.9,97.6,93.8,103.9,,5478,,3.6,94.7,167.5,1.8,79.5
1/6/2012,505.63,91.81,-0.3,0.1,5,5.04,5.35,5.23,2.52,2.46,2.37,18430,79079,129315,4400.1,120694,14176,28100,68296,95.8,96.2,6763,5745,1217,40344,8388.4,7819.5,6.8,94.4,92.7,97.6,,5443.9,,3.4,82.4,176.7,1.6,79.7
1/7/2012,491.93,89.65,0,0.1,5,5,5.21,5.15,2.8,2.5,2.44,18340,79813,129534,4227.6,120673,14290,28211,68286,91.7,96.7,5934,6277,1475,38446,8367.1,7809.5,6.7,91.2,86.6,97.2,,5483.4,,3.4,87.9,168.2,1.5,80.6
1/8/2012,480.99,88.43,0.2,0.1,5,5.2,5.32,5.29,2.51,2.42,2.31,17808,79416,129232,4155.7,121156,14456,28347,68173,96,96.8,5780,7107,1935,38419,8356.3,7809.9,6.5,98.2,94.9,104.1,,5610.3,,3.4,94.1,142,1.7,81
1/9/2012,474.97,87.83,0.8,0.4,5,5.23,5.35,5.33,2.35,2.34,2.3,18639,80533,130293,4230.4,120969,14436,28334,68306,90.9,96.2,5693,6091,1456,40107,8428.3,7874.1,6.6,92.5,94.8,90.7,,5176.9,,3.7,94.5,137.1,1.7,81.3
1/10/2012,475.36,87.48,0.6,0.2,5,5.26,5.41,5.37,2.47,2.38,2.34,18313,80694,130622,4266.4,121534,14509,28520,68732,98.8,96.7,7368,7866,2173,38943,8455.5,7889.4,6.7,101.4,98.1,107.9,,5562.8,,3.7,89.5,127,1.7,81.5
1/11/2012,480.57,88.33,-0.5,0.1,5,5.41,5.48,5.45,2.72,2.48,2.48,18272,80838,131432,4140,123868,14746,29038,70245,101.2,97.4,6546,6222,1642,39719,8462.8,7924.6,6.4,100.2,98.5,104.4,,5442.2,,3.5,86.7,136.3,1.6,82
1/12/2012,477.13,88.16,0,0.2,5,5.48,5.51,5.51,2.92,2.54,2.6,19598,81917,132073,4301.4,125033,14855,29262,71217,105.1,97.6,7127,6653,1802,41649,8480.1,7952.3,6.2,102.1,103.4,101.2,,5666.1,,3.6,88.2,122.4,1.7,82.9
1/1/2013,472.67,87.58,0.2,0.3,5,5.57,5.62,5.61,2.83,2.65,2.69,20114,82613,133382,4552.4,124891,14945,29387,71009,95.6,98.4,6822,6643,1513,39954,8520,7998.6,6.1,99.9,97.2,103,,5821.7,,3.7,94.7,114.8,1.9,83.3
1/2/2013,472.34,87.71,0.1,0.1,5,5.54,5.67,5.64,2.59,2.66,2.69,19636,82644,134035,4558.5,125668,15001,29602,71417,90.5,98,5576,5786,1295,39330,8535.7,7993.3,6.4,92.5,86.9,99.2,,5324.5,,3.7,95.3,133.3,2,83.4
1/3/2013,472.48,86.59,0.4,0.6,5,5.47,5.6,5.56,2.59,2.57,2.59,19926,83773,135477,4432.1,126462,15127,29773,71732,102.7,98.7,6189,5696,1303,39832,8539.4,7990.7,6.4,102.8,98.9,108.4,,5804.8,,3.5,92.9,144.6,1.9,83.9
1/4/2013,472.14,86.78,-0.5,0.2,5,5.26,5.28,5.28,2.76,2.43,2.47,19992,84623,137220,4292.1,127927,15350,30207,72213,101.7,99.3,6773,6397,1544,41227,8580.1,8019.1,6.5,96.8,91.4,104.5,,5448.2,,3.3,92,144.3,1.7,84.2
1/5/2013,479.58,87.8,0,0,5,5.04,5.17,5.14,2.74,2.38,2.4,20371,86027,139747,4191.3,129912,15407,30347,73157,101.7,99.5,7021,6687,1543,40148,8579.5,8018.3,6.5,97.8,96.7,99.5,,5689.2,,3.3,94.8,137.3,1.9,84.2
1/6/2013,502.89,91.32,0.6,0,5,4.9,5.28,5.2,2.28,2.34,2.26,20774,87505,141584,4029.7,130177,15395,30359,73333,99.8,100.9,6349,5771,1309,41003,8538.8,8004.2,6.3,96.7,98.2,95,,5659.5,,3.2,95.8,177.1,2.3,84.2
1/7/2013,504.96,90.93,0.3,0.1,5,4.89,5.29,5.18,2.14,2.28,2.23,20849,88055,142798,3732.5,130886,15453,30597,73449,96.4,101,6429,6562,1706,40083,8486.1,7986.8,5.9,100.1,99,102.1,,5863.3,,3.1,104.7,169.2,2.6,84.7
1/8/2013,512.59,92.43,0.2,0.2,5,4.89,5.27,5.14,2.1,2.27,2.2,20445,88418,144674,3628.7,131765,15598,30827,74090,99.3,100.7,6421,6727,1536,40679,8506.1,8008.6,5.8,101,100.7,102.5,,5819.2,,3.3,106.6,171.2,2.7,85.6
1/9/2013,504.57,90.92,0.5,0.5,5,5.01,5.27,5.16,2.11,2.28,2.21,21104,89286,146271,3823.9,131278,15588,30953,74104,95.1,100.6,5841,5824,1296,42303,8509.5,8010.8,5.9,95.4,99.9,90.2,,5406.8,,3.2,106.3,173,2.8,86
1/10/2013,500.81,90.93,0.1,0.4,4.9,4.79,5.16,4.96,2.22,2.25,2.22,20401,88576,145673,3912.4,132000,15754,31268,74468,102.7,100.9,6987,6695,1387,40817,8537.8,8029.6,6,104.1,104.9,104.8,,5775.8,,3.3,100.5,162.3,2.6,86
1/11/2013,519.25,92.96,0.4,0.1,4.65,4.49,4.96,4.64,2.11,2.13,2.02,20803,89381,146668,3789.1,133918,15903,31424,75804,105.8,101.5,6068,6032,1326,39903,8569.7,8067.1,5.9,104.1,106.1,103.5,,5602.9,,3.2,93.9,163.8,2.7,86.4
1/12/2013,529.45,94.26,0.6,0.3,4.5,4.59,5.14,4.85,1.9,2.14,2.03,22112,91030,147441,3699.2,133619,15920,31629,75934,108.7,100.4,6295,5934,1211,41094,8649.5,8149.4,5.8,105,107.9,101.8,,5904,,3.3,97.9,158.9,2.9,87.4
1/1/2014,537.03,95.32,0.2,0.3,4.5,4.44,5.06,4.75,1.79,2.09,1.92,22354,92053,148011,3439.4,135102,16078,32016,76532,97.7,100.6,5491,6082,1173,40002,8714,8171,6.2,98.5,95.2,100.5,103.7,5861,94,3.3,94.9,155.2,2.8,88.2
1/2/2014,554.41,98.09,0.5,0.3,4.4,4.33,5,4.83,1.64,2.04,1.83,22108,92453,150431,3718.9,135075,16081,32207,76309,93.6,101.4,6189,5398,1083,39977,8743.7,8202.9,6.2,93.9,91.6,95.4,97.4,5339.8,91.2,3.2,100.7,159.3,2.7,88.4
1/3/2014,563.84,99.29,0.8,1.1,4.11,4.15,5.02,4.86,1.26,1.99,1.71,22174,92478,151211,3772.8,133721,16087,32358,75175,105.8,101.2,7292,5651,1282,40970,8722.9,8156.2,6.5,103.1,98.7,107,104.9,5937.4,101.4,3,100.6,149.1,2.7,89.1
1/4/2014,554.64,97.64,0.6,0.8,4,3.92,4.91,4.72,1.22,1.89,1.68,22599,92485,151795,3909.6,134069,16130,32641,74858,103.1,101.4,6670,5832,1167,40283,8716.9,8181.3,6.1,100,96.3,103.9,99.2,5592.9,95.3,3,102.1,138,2.7,89.5
1/5/2014,555.4,97.62,0.3,0.4,4,3.98,4.96,4.73,1.15,1.9,1.61,22915,92409,153728,3903.8,134411,16107,32960,75033,103.7,102,6906,5441,1131,40904,8706.6,8156,6.3,102.6,104.4,101.2,101.1,5863,99.8,3.1,101.9,135.7,2.6,89.7
1/6/2014,553.06,96.93,0.1,0.2,4,3.89,4.86,4.55,1.36,1.83,1.67,23133,92654,154917,3875.7,134879,16134,33326,75458,100.8,101.4,6125,5683,1295,41088,8686.6,8120.4,6.5,99.2,101.5,96.8,99.9,5877.2,94.6,3.1,105.2,122.3,2.6,89.8
1/7/2014,558.21,97.85,0.2,0.1,3.88,3.64,4.66,4.29,1.41,1.77,1.57,22930,93412,155669,3875.4,135628,16201,33534,75606,96.8,101.4,6258,6083,1205,40369,8655.8,8085,6.6,98.7,98.1,98.8,101.3,5990.4,96.5,3.2,102.9,124.4,2.5,90.9
1/8/2014,579.05,100.52,0.3,0.2,3.63,3.28,4.34,3.99,0.96,1.4,1.26,22620,93790,157130,3996.6,136669,16278,33795,76353,99.5,101.3,5858,5643,1167,40297,8633.9,8044.5,6.8,97.9,98.5,97.1,98.6,5934,100,3.2,96.4,129.7,2.4,91.1
1/9/2014,593.47,101.05,0.8,0.6,3.36,3.07,4.59,4.28,0.54,1.55,1.25,23250,94376,158580,3943.6,136499,16224,33932,76170,97.4,101.9,5776,5441,1090,40087,8675.2,8088.7,6.8,96,99.8,92.6,94.1,5638.1,94.7,3.1,93.2,126.2,2.5,91.6
1/10/2014,589.98,97.9,1,0.6,3.14,3.34,4.63,4.2,0.86,1.59,1.32,22821,94671,158496,3851,135708,16187,34118,75728,104.6,102.8,6073,5774,1069,39814,8709.6,8137.9,6.6,104.1,104.9,104.4,99,5967.4,99.9,3.1,84.4,149.8,2.3,91.9
1/11/2014,592.46,96.78,0,0.2,3,3.21,4.44,4.05,1.29,1.54,1.36,23962,97304,160754,3991.8,138821,16347,34710,77695,106.9,102.6,5588,5337,1351,39911,8751.6,8207.7,6.2,100.3,101.1,99.9,98.8,5834.3,99.3,3,75.8,150.6,2.3,92.5
1/12/2014,612.92,98.6,-0.4,0.1,3,3.04,4.36,3.91,1.67,1.5,1.37,25491,99721,163860,3851,140129,16492,35284,78498,111.3,102.6,6838,6233,1581,40447,8795.4,8249.6,6.2,105.7,109.8,102.4,102.1,6071.5,133.4,2.9,59.3,171.9,2.2,93.7
1/1/2015,620.91,97.98,0.1,0.5,3,3.01,4.18,3.77,1.34,1.4,1.29,25415,99951,164579,3836.7,141310,16557,35437,78682,100.3,103.3,5980,5041,970,39957,8807.6,8259.2,6.2,101.4,103.1,98.7,106,6160.9,97.4,2.6,47.3,186.3,1.9,94.5
1/2/2015,623.62,97.12,0.4,0.4,3,3.26,4.2,3.88,0.66,1.24,1.03,25336,99650,165632,3983.7,140271,16559,35535,78023,95.5,102.9,5122,4501,1013,38032,8810.7,8263.1,6.2,94.2,91.6,95.5,99.4,5568.4,93.4,2.6,50.6,168.3,2,94.6
1/3/2015,628.5,95.69,0.6,1,3,3.56,4.34,4.08,0.43,1.23,0.91,25086,99452,165547,3916.9,139937,16569,35745,77503,108.1,102.6,6002,5135,1045,38427,8779,8232.2,6.2,103.5,97.7,108.4,107.5,6050,103,2.7,47.8,156.1,2,95.4
1/4/2015,614.73,93.48,0.6,0.7,3,3.65,4.49,4.22,0.65,1.36,1.06,25477,100668,166719,4043.5,139853,16583,36074,77147,106,104.3,5801,4746,1136,38819,8788.9,8230.3,6.4,100,96,103.5,101.4,5703,98.9,2.7,54.4,152.6,1.9,95.2
1/5/2015,607.6,92.96,0.2,0.3,3,3.66,4.56,4.24,0.8,1.54,1.19,25957,101525,169444,4045.6,141527,16384,36516,78264,105.3,104,4988,4271,861,38723,8806.4,8211.8,6.8,101.5,102.1,100.3,104,5946.9,101.8,2.9,59.3,143.1,2.2,95.3
1/6/2015,629.99,95.61,0.5,0.2,3,3.45,4.65,4.21,0.71,1.64,1.2,26465,102449,170841,3897.1,141588,16348,36758,78151,103.6,104.7,5298,4733,962,38179,8802.8,8215.6,6.7,101.4,104.2,98.3,103.5,6014.1,98,2.6,59.8,150.8,2.4,95.5
1/7/2015,650.14,97.33,0.4,0.3,3,3.37,4.55,4.05,0.49,1.51,0.98,26303,104123,174575,3870.4,142961,16443,37039,78745,99.2,104.1,4939,5325,1145,38181,8810.4,8220.8,6.7,99.2,95.7,101.1,105.4,6166.5,98.6,2.5,50.9,167.8,2.3,96.5
1/8/2015,688.12,100.34,0.7,0.4,3,3.58,4.51,4.06,0.32,1.44,0.88,26207,105739,177911,3840.2,143400,16432,37212,78803,101.3,103.1,4655,5024,1170,38403,8829.1,8250.1,6.6,95.2,92.8,95.9,102.1,6071.3,101,2.3,42.9,194.2,2.2,96.4
1/9/2015,691.73,99.3,0.5,0.4,3,3.9,4.61,4.2,0.49,1.55,1.08,26479,106621,179231,3685.2,144668,16463,37581,79930,100.1,104.6,4641,5041,1285,38245,8883.4,8302,6.5,99.1,101.3,97,98.5,5794.5,97.8,2.4,45.5,216,2.2,97.1
1/10/2015,685.31,98.3,0.4,0.5,3.13,3.87,4.47,4.18,0.83,1.46,1.17,26227,107498,181191,3828,145017,16541,37947,80121,106.2,105.1,4703,5144,1205,38593,8884.7,8312.1,6.4,104.2,105,104.1,102,6096.2,100.7,2.4,46.2,221.3,2.1,97.2
1/11/2015,704,99.88,0,0.1,3.25,3.99,4.57,4.32,1.12,1.57,1.3,26673,108937,183273,3655.3,146971,16724,38469,81244,109.7,104.7,4800,4540,1043,38459,8909.4,8359.3,6.2,101,99.9,102.7,97.6,5923.9,104,2.2,42.7,220.6,2.3,97.6
1/12/2015,704.24,98.44,0,0.1,3.35,4.14,4.63,4.4,1.15,1.59,1.36,28210,110721,183844,3680.2,148148,16906,38901,82035,114.2,104.9,5105,5107,1494,38643,8954.1,8428.5,5.9,104.9,106.9,103.4,103,6209.6,134.8,2.1,37.2,250,2.2,98.6
1/1/2016,721.95,98.53,0.5,0.3,3.5,4.13,4.56,4.31,0.93,1.55,1.23,28819,111897,184220,3705.9,148223,16932,38981,81949,101.7,105.1,5099,4258,1113,38459,8983.7,8452.1,5.9,97,94.6,96.9,107.2,6182.4,100.1,2,31.5,272.7,2.1,100
1/2/2016,704.08,96.52,0.3,0.4,3.5,4,4.45,4.22,0.81,1.4,1.09,28336,111882,185252,3715.8,148329,16977,39206,81775,99.8,105.8,4802,4024,1002,38255,8958.8,8417.1,6,96.9,92.6,99.4,104.1,5976.8,99.7,2.1,30.4,278.8,1.8,99.7
1/3/2016,682.07,94.58,0.4,0.8,3.5,3.91,4.44,4.21,0.86,1.4,1.12,27532,112151,184955,3937.5,147573,17069,39430,80977,111.3,105.7,5170,4734,1209,39553,8940.9,8360.6,6.5,107.1,100.7,112.5,111.3,6420.2,104.6,2.2,37.8,216.6,1.9,100.5
1/4/2016,669.93,94.4,0.3,0.6,3.5,3.82,4.39,4.13,0.96,1.39,1.13,27592,113009,185632,4002.1,147871,17144,39619,81142,106.7,105.2,5062,4305,1167,39868,8968.6,8376.2,6.6,97.7,90.6,103.3,103.8,5879.1,103.6,2.2,41,200.5,1.8,100.2
1/5/2016,681.87,96.13,0.2,0.1,3.5,3.83,4.5,4.18,0.91,1.49,1.18,27588,113225,188428,3934.7,149457,17144,39848,81906,107.4,105.1,5101,4565,1099,39848,8981.5,8350.3,7,101.2,100.5,100.8,106.5,6211.9,103.9,2.1,46.7,201.3,1.8,100.3
1/6/2016,681.07,96.21,0.4,0.1,3.5,3.87,4.55,4.16,0.86,1.53,1.15,27788,114031,190518,3995.9,148793,17141,39953,81703,104.9,106,4647,4309,932,39694,8966.7,8337.4,7,97.1,95.4,96.6,107,6189.8,99.1,2.1,48.8,206.1,1.6,100.7
1/7/2016,657.57,92.38,0.2,0.3,3.5,3.77,4.41,4.07,0.96,1.42,1.1,27285,114034,192538,4117.5,149733,17210,40135,82300,99.9,105.5,4600,4697,1057,39427,8989.5,8336.2,7.3,96.6,95.2,95,109,6241.1,102.2,2.2,44.7,177.4,1.5,101.2
1/8/2016,658.89,93.21,0,0.2,3.5,3.65,4.29,3.98,0.99,1.32,1.06,26968,114207,194699,4119.3,150767,17347,40406,82815,104.5,105.8,4977,5272,1201,39077,8967.2,8333.2,7.1,99.1,95.8,100.9,105.4,6154.2,101.3,2.2,44.8,164.1,1.6,101.7
1/9/2016,668.63,94.29,0.2,0,3.5,3.64,4.22,3.94,0.83,1.25,1.01,27245,115686,196499,4015.3,150189,17402,40527,82263,101.5,106,4939,4746,979,39437,9012,8378.4,7,97.6,97,98,98.6,5847.4,102.6,2.1,45.2,176,1.6,102
1/10/2016,663.92,93.11,0.2,0.1,3.5,3.54,4.2,3.84,0.96,1.26,0.99,27120,116817,197591,4289.8,150016,17487,40655,82375,106.3,106.1,4791,4756,1019,39528,8994.6,8393.7,6.7,98.5,97.3,98.9,101.6,5948.4,103.2,2.1,49.9,172.6,1.8,102.2
1/11/2016,666.12,91.64,0.1,0.2,3.5,3.72,4.48,4.13,1.54,1.58,1.42,27871,117400,198131,4207.2,151785,17679,40979,83290,111.6,106.4,5248,4867,1194,39430,9046.4,8467.1,6.4,102.2,100.4,103.3,105.6,6003.6,107.2,2.5,45.6,178.9,2.2,102.4
1/12/2016,667.17,91.42,-0.2,0,3.5,3.52,4.37,3.93,1.14,1.47,1.17,29370,118849,198869,4151.4,152395,17807,41504,83785,115.1,105.6,6282,5321,1328,40494,9062.6,8500.7,6.2,104.3,103.4,104.3,108.3,6309.1,140.1,2.6,52,162,2.5,103.2
1/1/2017,661.19,91.65,0.5,0.4,3.5,3.32,4.17,3.77,0.82,1.29,0.95,29514,117146,199556,4199.5,151305,17805,41448,82889,102.7,105.8,5554,4911,1178,39883,9115.1,8534.6,6.4,96.3,91.6,97.5,111.5,6386.9,104.4,2.6,52.5,150.1,2.4,104.3
1/2/2017,643.21,90.13,0.2,0.3,3.25,3.31,4.15,3.74,0.49,1.23,0.84,29084,116068,200549,4359.9,151653,17830,41684,82906,97.9,105.1,4627,4468,928,39710,9102,8485.7,6.8,87.9,78.1,94.2,102.7,5709.9,100.1,2.7,53.4,131.7,2.4,104
1/3/2017,661.2,92.39,0.4,0.5,3.13,3.19,4.2,3.72,0.48,1.26,0.83,29067,117730,201861,4783.4,152138,17933,41984,82790,111.1,104.5,5495,5253,1130,39022,9127,8484.4,7,97.3,78.8,112.6,110.1,6143.8,113,2.6,49.6,132.4,2.5,104.8
1/4/2017,655.74,91.96,0.2,0.5,2.88,2.94,3.9,3.52,0.38,1.1,0.72,29864,117830,203604,4795.1,153411,17946,42204,83618,105.9,105.9,5044,4501,1028,38962,9147.4,8499.9,7.1,92.8,87.8,95.3,103,5797.1,103.9,2.6,51.1,136.5,2.3,104.5
1/5/2017,671.54,94.1,0.1,0.1,2.65,2.87,4.03,3.67,0.46,1.2,0.89,30136,118790,203904,4855.8,152736,17916,42565,82724,108.6,106.4,5771,4829,1012,38850,9210,8535.2,7.3,100.1,94.3,103.6,109.8,6286.3,110.7,2.5,48.5,132.8,2.3,104.7
1/6/2017,665.15,93.92,-0.4,0,2.5,2.79,4.01,3.66,0.57,1.25,0.96,30512,119496,206007,4747.2,153672,18026,43108,83357,105.7,106.9,5566,5304,1191,38915,9196.6,8524.1,7.3,95.6,92.6,95.4,108.7,6212.9,103.9,2.6,45.2,131.6,2.2,105.1
1/7/2017,658.17,93.12,0.2,0.1,2.5,2.74,4.22,3.66,0.77,1.47,1.15,30058,120052,207303,5064.6,153235,18001,43173,83012,102,107.8,5453,5006,1093,38411,9201.4,8537.4,7.2,98.9,98.3,96.8,110.2,6401.1,106.8,2.7,46.7,131.1,2.3,106.1
1/8/2017,644.24,92.25,0.2,0,2.5,3.11,4.33,3.62,0.54,1.47,0.98,29825,119529,206230,5153.2,153129,18109,43388,83003,106.7,108.2,6231,5550,1220,38943,9209.7,8573.5,6.9,103.1,103.2,101.4,110.1,6439.1,108,2.9,48,124.4,2.2,106.7
1/9/2017,625.54,90.83,-0.2,0,2.5,3.16,4.32,3.68,0.67,1.47,1.03,30160,121791,208244,5341.9,154520,18202,43880,83924,103,108.5,5875,5036,1100,37738,9260.9,8613.1,7,98.3,101.6,94.4,101.3,5989.8,107,3,49.8,127.2,2.2,106.8
1/10/2017,629.55,90.17,0.6,0.3,2.5,3.29,4.49,3.81,1.27,1.78,1.4,30377,121848,208627,5588.1,154000,18179,43879,83473,109.5,109,6056,5424,1154,39269,9270.2,8622.7,7,102.8,106.8,98.8,102.9,6194.4,107.5,3.1,51.6,122.2,2.4,107.1
1/11/2017,633.77,90.86,0.1,-0.1,2.5,3.47,4.51,3.88,0.99,1.78,1.26,30663,122641,208835,5003.4,155845,18356,44317,84506,114.9,109.5,6127,5533,1266,37912,9338.7,8712.7,6.7,104.4,103.1,106.3,101.9,6168.5,113.8,3.1,56.7,125.1,2.4,107.7
1/12/2017,636.92,91.78,0.1,0,2.5,3.51,4.62,4.02,1.14,1.91,1.48,32321,124343,208351,5564.6,156025,18394,44683,84692,117.8,108.9,7024,5657,1277,38983,9379.5,8768.7,6.5,104.4,106.5,101.7,107.4,6535.6,147.6,3.1,57.9,117.5,2.4,108.5
1/1/2018,605.53,88.47,0.5,0.3,2.5,3.31,4.52,3.93,0.82,1.84,1.31,32509,125157,208348,5855.4,155219,18460,44752,83871,106.9,109.9,6620,5486,1198,38708,9438.1,8793.9,6.8,99.9,96.3,100.6,112.3,6570.4,110,3.2,63.7,110.4,2.6,109.4
1/2/2018,596.84,88.24,0,0,2.5,3.32,4.55,3.97,0.64,1.79,1.17,32286,124533,208414,5602.8,155549,18500,45068,83995,102.5,110.3,6275,5077,998,38392,9449.5,8787.1,7,96.4,93,97.7,105.2,6028.8,104.2,3.2,62.2,116.9,2.9,109
1/3/2018,603.45,88.86,0.2,0.6,2.5,3.35,4.49,4.02,0.72,1.75,1.21,32554,126449,209556,5542.2,157349,18623,45255,85403,116.2,110.6,6482,5867,1273,38104,9456.6,8759.1,7.4,106.2,101.2,109.8,112.3,6545.1,118.1,3.1,62.8,123,2.8,109.5
1/4/2018,600.55,88.42,0.3,0.4,2.5,3.28,4.42,3.9,0.77,1.66,1.21,32836,129127,214178,5710.9,158026,18667,45374,85675,112.7,111.5,6257,5484,1141,37337,9441.4,8781.1,7,99.5,91.3,106.1,105.8,6130.6,111.2,3.1,66.3,124,2.9,109.8
1/5/2018,626.12,90.24,0.3,0.2,2.5,3.36,4.5,4,0.55,1.63,1.2,33413,130471,215569,5455.1,160109,18701,45569,86801,113.3,111.6,6466,6071,1374,37281,9465.3,8766.7,7.4,103.4,99.4,105.5,111,6500.2,114.2,3.1,70,135.5,3,109.7
1/6/2018,636.15,90.47,0.1,0.1,2.5,3.41,4.58,4.08,0.32,1.6,1.1,33827,132125,218350,5301.3,161585,18758,45899,87566,110.1,111.4,6201,5976,1145,36987,9466.9,8755.5,7.5,100.6,95.1,103.4,112,6545.2,111.1,3.2,67.5,142.2,2.9,109.9
1/7/2018,652.41,91.46,0.4,0.2,2.5,3.37,4.56,4.12,0.33,1.57,1.06,33632,132057,220546,5434.4,161447,18793,46001,87441,105.1,111.4,5972,5758,1273,37576,9451,8708.7,7.9,99.9,100.4,96.5,112.4,6684.9,106.9,2.8,70.8,136.9,2.9,110.4
1/8/2018,656.25,91.11,0.2,0.2,2.5,3.43,4.48,4.07,0.65,1.53,0.95,33193,132278,221998,5270.4,163624,18965,46324,88740,109.3,110.5,6166,6542,1352,36781,9435.5,8707.2,7.7,102.8,98.3,105.8,108.8,6540.6,113.5,2.7,68,139.4,2.9,110.5
1/9/2018,680.91,93.49,0.3,0,2.5,3.67,4.5,4.11,0.76,1.53,1,34100,133856,225099,5283.5,163435,18980,46500,88867,104.8,111,5443,5546,1288,37134,9414.2,8710.9,7.5,96,100.8,90.1,100.3,6058.8,108.6,2.7,70.2,133.2,3,111.6
1/10/2018,676.84,93.12,0.4,0.2,2.6,3.89,4.57,4.26,0.98,1.58,1.2,33692,132871,225011,5104.3,164677,19148,46729,89203,113.4,111.9,6466,6874,1589,37457,9476.2,8773.8,7.4,104.4,100.5,108.4,103.5,6356.2,116.1,2.8,70.8,129.3,3.2,111.5
1/11/2018,677.61,92.38,0,0.1,2.75,3.84,4.46,4.23,1.08,1.58,1.31,33923,135557,228395,5111.9,165938,19389,47196,90076,118.1,113.1,5899,5520,1301,39564,9525.4,8829,7.3,106.5,110.1,103.9,102.8,6280,112.7,2.8,56.7,146.3,3.1,112.1
1/12/2018,681.99,92.73,-0.1,-0.1,2.75,3.68,4.34,4.1,1.15,1.57,1.31,35453,137665,231168,5105.4,167477,19506,47671,90821,121.2,111.5,6461,6295,1378,39861,9600.3,8914.2,7.1,107.9,111.2,104.4,108.5,6492.1,150.2,2.8,49,159.5,2.8,112.6
1/1/2019,677.06,93.13,0.1,0.5,2.76,3.62,4.49,4.22,1.03,1.63,1.16,35513,136530,230880,5405.6,166919,19637,47927,90211,108.6,112.1,6714,5650,1352,38909,9613.3,8928,7.1,99.4,91.5,104,113.3,6542.3,109.8,2.7,51.5,148.4,2.7,113.5
1/2/2019,656.3,90.99,0,0.1,3,3.53,4.39,4.13,0.93,1.52,1.11,34946,135415,231159,5287.5,167581,19680,48131,90593,103,111.2,5448,5274,1044,38714,9581.6,8907.6,7,92.6,83.2,98.6,106.3,5982.2,104.6,2.8,55,135.6,2.7,113.7
1/3/2019,667.68,92.07,0.5,0.6,3,3.5,4.26,4.05,0.84,1.42,1.03,35242,136519,232795,5259.4,168288,19720,48206,90886,117.6,112.2,6080,5524,1161,38710,9571.7,8879.1,7.2,104.6,95.3,111.6,113.5,6625.8,119.6,2.9,58.2,132.8,2.6,114.7
1/4/2019,667.4,91.85,0.3,0.3,3,3.3,4.12,3.91,0.52,1.23,0.79,36000,138699,236572,5187.1,168971,19822,48476,91130,114.3,113.4,5698,5347,1294,37902,9597.1,8916,7.1,100.1,93.2,104.7,109,6190.8,110.9,2.9,63.9,127.8,2.5,115.4
1/5/2019,692,93.65,0.6,0.1,3,3.2,4.04,3.76,0.39,1.15,0.65,36562,139995,239423,4977.1,170160,19769,48670,91737,115.5,113.9,6128,6013,1282,38259,9621.1,8925.3,7.2,103.6,98,107.9,109.4,6578.2,118.5,2.7,60.8,132.1,2.4,115.3
1/6/2019,692.41,94.03,0,0.1,2.63,2.61,3.48,3.2,0.06,0.71,0.49,36833,140230,242550,5070.7,170203,19748,49198,91642,111.2,113.2,5192,4935,1124,39516,9620.5,8922.6,7.3,97.3,94.5,97.8,107.2,6448.1,110.3,2.7,54.7,137.1,2.1,115.2
1/7/2019,686.06,93.71,0.2,0.2,2.5,2.35,3.16,2.95,-0.02,0.53,0.33,36953,140506,244000,4972.4,170729,19796,49597,91631,108.3,113.4,5613,5820,1318,39083,9638.1,8910.6,7.5,101.3,97.7,102.6,111.6,6796.5,109.2,2.7,57.5,129.5,2.1,116
1/8/2019,713.7,94.87,0.2,0.1,2.5,1.97,2.7,2.51,-0.52,0,-0.16,37029,142355,246879,4804.4,172774,19927,49961,92890,113.4,114.7,5907,5817,1250,39503,9659.4,8928,7.6,104.1,102.6,104.8,107.7,6598,116.4,2.6,54.8,135.6,1.6,116.2
1/9/2019,718.44,95.09,0,0.1,2.06,1.83,2.71,2.48,-0.74,0.02,-0.16,38363,144341,249939,5059,174482,19972,50365,94091,108.3,113.8,5186,5232,1237,38933,9712.7,9000.1,7.3,96.5,99.4,92.6,100.5,6107,108,2.6,57,131.4,1.7,116.5
1/10/2019,721.03,95.3,0.8,0.3,1.94,1.96,2.94,2.65,-0.77,0.19,-0.07,39019,145031,251302,4744.1,174359,19822,50216,94150,109.5,108.2,5153,5531,1261,39770,9686,8994.4,7.1,101.4,100.1,102.2,103.5,6257.8,102.6,2.6,54,136.2,1.7,116.5
1/11/2019,776.53,102.99,0.1,0,1.75,1.91,3.34,2.92,-0.2,0.73,0.4,40773,148928,254166,4538.8,178852,19826,50824,97102,113.5,108.7,5217,5299,1366,38786,9722,9045.4,7,103.9,101.1,107,102.9,6310,102.7,2.7,57.1,146.1,1.8,116.8
1/12/2019,770.39,102.69,0.1,0.1,1.75,1.99,3.3,2.93,-0.46,0.55,0.13,42471,151785,255856,4669.9,177948,19696,51479,96806,123,111.8,6427,5367,1474,40657,9777.8,9087.1,7.1,110.9,113.4,108.9,108.5,6786.4,146.7,2.7,59.8,142.7,1.9,117.8
1/1/2020,772.65,103.54,0.6,0.3,1.75,2.02,3.3,2.89,-0.61,0.35,-0.02,42021,150866,255852,4572.1,178146,19480,51704,96665,110,113.5,6510,5460,1158,37438,9848.7,9115.6,7.4,101.4,93,107.4,111.2,6798.2,110,2.7,57.5,143.3,1.8,118.9
1/2/2020,796.38,105.09,0.4,0.4,1.75,2.14,3.49,3.02,-0.68,0.54,0.09,41995,151382,257848,4122.6,178390,19470,52005,96438,106.3,113.9,4972,4266,944,36154,9831.2,9063.4,7.8,97.5,91.5,101.7,105.2,6368.2,109.3,2.6,50.5,147.2,1.5,118.8
1/3/2020,839.38,107.77,0.3,0.7,1.38,1.55,3.41,2.8,-0.83,0.5,0.11,43949,152249,257905,3487.5,182497,19198,52210,99717,113.4,107.7,5717,4394,928,37952,9744.2,8942.4,8.2,105.6,97.6,112.7,109.2,6764.5,101.6,2.3,29.9,287.3,0.9,120.1
1/4/2020,853.38,107.08,0,0.4,0.5,0.58,3.05,2.33,-1.02,0.37,0,47514,154625,259006,3977.6,183131,18933,52744,100107,98.5,99.4,5850,4191,1085,36885,9050.7,8235.9,9,96,92.9,98,100.9,6181.5,75.3,2.3,16.5,306.1,0.7,118.5
1/5/2020,821.81,102.6,-0.1,0,0.5,0.56,2.4,1.63,-1.19,-0.14,-0.52,49232,154310,260608,3647.6,184562,18576,52952,102255,97.8,97.4,5868,3780,997,36756,8390.9,7450.5,11.2,97.4,100.1,92.6,106.8,6406.2,83.9,2.4,28.6,254.5,0.7,118.4
1/6/2020,793.72,101.18,-0.1,0,0.5,0.45,2.43,1.49,-1.09,-0.13,-0.53,51483,154722,264820,3959,185430,18195,53048,103875,96.1,97.1,6127,3925,1020,36390,8136.7,7142.6,12.2,94.7,97.3,89.6,106.3,6419.1,83.5,2.6,38.3,209.2,0.7,118.4
1/7/2020,784.73,100.73,0.1,0.2,0.5,0.3,2.5,1.46,-1.1,-0.18,-0.48,52440,154627,264431,4017.1,182504,17846,53115,102393,96.1,99.3,6238,4726,1152,36851,8138.6,7073.2,13.1,97.9,98.9,94.9,106.3,6477.7,90.1,2.9,40.8,199.8,0.6,119.3
1/8/2020,784.66,102.02,0.1,0.2,0.5,0.43,2.43,1.47,-1.59,-0.34,-0.8,58361,156663,268259,3767.2,182418,17318,53122,103052,101.1,102.4,5779,4515,1126,37783,8257.2,7191.4,12.9,99,100.1,96.4,105.5,6452,120.4,2.9,42.4,170,0.6,119.5
1/9/2020,773.4,101.15,0.6,0.4,0.5,0.49,2.59,1.53,-1.85,-0.25,-0.91,61955,157369,272534,3637.3,181626,16905,53052,102962,103.2,106.6,5970,4626,1115,37822,8402.6,7365.1,12.3,98.3,98.6,97.7,100,6163.1,119.5,3,39.6,176.9,0.7,120.7
1/10/2020,788.27,102.99,0.7,0.6,0.5,0.52,2.61,1.51,-1.92,-0.12,-0.84,62163,158945,272101,3539.9,179538,16614,53101,101501,108.5,107.6,6455,4829,1119,38260,8671.6,7667.7,11.6,105,102,108.5,102.3,6436.9,123.1,3,39.5,167.7,0.8,121.2
1/11/2020,762.88,101.08,-0.1,0,0.5,0.51,2.63,1.51,-2.18,-0.21,-1.09,61239,157870,273009,4032.9,179960,16639,53821,101416,114.6,109,6572,4674,1137,37709,8871.1,7916.7,10.8,103.5,101.7,105.7,101.4,6358.1,128.7,3.2,41.1,155.9,0.9,122.1
1/12/2020,734.73,99.04,0.3,0.2,0.5,0.54,2.75,1.58,-2.31,-0.12,-1.02,65370,159285,266754,4177.2,176990,16428,54062,99508,122.9,111.7,7427,5731,1285,39200,8946.5,8026.2,10.3,106.8,104,109.1,108.4,6873.3,160.9,3.5,47.1,146.6,0.9,122.6
1/1/2021,723.56,98.08,0.7,0.6,0.5,0.51,2.64,1.52,-2.55,-0.35,-1.31,68760,161005,266808,4288.7,177053,16160,54125,99563,106.8,112.6,7159,5355,1243,38999,9046.6,8121.4,10.2,98.9,92.8,102.7,109.2,6768.8,116.5,3.6,52.1,140.7,1.1,124
1/2/2021,722.63,98.38,0.2,0,0.5,0.47,2.72,1.57,-2.76,-0.42,-1.56,67821,159056,267435,4573.4,177526,15994,54606,99522,104.3,114.2,7283,5736,1291,39562,9105.9,8167.6,10.3,94.1,85.2,101.3,100.7,6170.4,113.3,3.8,59.1,131.7,1.2,123.7
1/3/2021,726.37,98.11,0.4,0.5,0.5,0.55,3.18,1.78,-2.5,0.14,-1.14,68644,160272,267942,4898.1,177802,15977,55007,99412,120.6,113,7773,6884,1523,40220,9089.3,8148.2,10.4,108.7,99.6,117.2,111.1,6974.7,125.4,4.1,62.4,133,1.6,125.3
1/4/2021,707.85,96.03,0.4,0.5,0.5,0.85,3.55,2.17,-2.12,0.57,-0.53,68815,161398,271944,4472.8,177652,15872,55291,98989,113,112.1,8340,5990,1380,42594,9029.1,8104.1,10.2,100.9,96.7,103.7,106.2,6523.1,107.8,4.2,61.7,125.7,1.6,125.4
1/5/2021,712.26,98.05,0.3,0.2,0.5,1.16,3.71,2.57,-1.43,0.77,0.02,77008,164609,277200,4356.4,177958,15601,55647,98947,116.5,115.5,7776,6694,1540,47847,8938.3,8041.1,10,100.8,98.6,100.7,110.4,6877.5,144.4,4.6,65.2,131.6,1.6,125
1/6/2021,726.54,100.51,0.1,-0.1,0.5,1.61,4.26,3,-1.22,1.22,0.3,79244,166713,280512,4331.3,178799,15537,56083,99214,115.9,117.8,7614,6403,1366,44954,8884.9,8041.2,9.5,100.6,96.3,102.8,108.9,6781.7,137.6,4.4,71.4,139,1.5,125.5
1/7/2021,750.44,102.76,0.8,0.7,0.63,2.3,4.49,3.67,-0.61,1.52,0.74,80305,170921,286840,4252,180269,15421,56029,100312,113.4,119.3,7930,7346,1492,48767,8948.3,8148.9,8.9,102.6,96.9,105.2,115.6,7134.8,145.7,4.3,72.5,144.2,1.3,127.1
1/8/2021,779.83,106.53,0.4,0.2,0.75,2.63,4.7,3.9,-1.2,1.57,0.64,80283,173293,292442,4491.6,181179,15495,56462,100679,120.2,120.5,7939,7857,1623,52023,9030.7,8258.8,8.5,103.6,97.2,107.6,114,7044.6,149.5,4.2,67.7,138.3,1.3,127.2
1/9/2021,783.63,106.27,1.2,0.7,1.5,3.96,5.23,4.83,-0.56,2,1.32,79767,174019,295576,4362.6,181550,15330,56412,101004,118.4,121.9,7672,7323,1488,53309,9111.1,8345.2,8.4,97.8,91.4,102.3,105.7,6527,142.5,4.2,71.6,141.4,1.4,127.7
1/10/2021,813.95,109.64,1.3,0.3,2.25,4.83,6.34,5.97,0.32,2.95,2.42,79993,177517,300295,4092.2,181447,15249,56434,100772,124.7,123.1,7768,8120,1762,55031,9199.5,8456.5,8.1,106.4,102.3,110.1,107.4,6797.8,151,4.4,81.3,156.4,1.6,128.4
1/11/2021,812.62,109.26,0.5,0.7,2.75,5.42,5.83,5.59,-0.23,2.24,1.91,78678,177630,302896,4432.7,182808,15357,57075,101352,130.9,123.6,8414,7580,1762,53314,9255,8558.4,7.5,106.3,101.1,111.6,106.1,6715,149.4,4.4,79.2,153.7,1.6,129.3
1/12/2021,849.12,113.4,0.8,0.7,3.46,5.66,5.69,5.59,,2.28,1.97,79859,178655,303704,4308.4,183299,15329,57263,101573,135.3,123.1,9037,8517,1820,51330,9350.6,8678.3,7.2,108.6,104.6,111.7,112.4,7122.2,185.5,4.3,71.5,155.3,1.5,130.9
1/1/2022,822.05,109.89,1.2,1.2,4.21,,5.89,5.81,,2.29,2.11,76948,176809,303009,4548.5,180782,15283,57001,100094,,,8368,7569,1524,50783,,,,,,,,7055.2,,4.4,83.1,159.5,1.8,
1/2/2022,807.07,,,,5.5,,,,,,,,,,,,,,,,,,,,,,,,,,,,,,,,,,
